,LOCATION,TIME,Value
0,AUS,2000-Q1,6.650708
1,AUS,2000-Q2,6.3020830000000005
2,AUS,2000-Q3,5.989491
3,AUS,2000-Q4,6.1715599999999995
4,AUS,2001-Q1,6.366835
5,AUS,2001-Q2,6.869636999999999
6,AUS,2001-Q3,6.867266000000001
7,AUS,2001-Q4,6.979412
8,AUS,2002-Q1,6.626871
9,AUS,2002-Q2,6.4049760000000004
10,AUS,2002-Q3,6.279915
11,AUS,2002-Q4,6.15741
12,AUS,2003-Q1,6.055958
13,AUS,2003-Q2,6.051594000000001
14,AUS,2003-Q3,5.9065650000000005
15,AUS,2003-Q4,5.7085669999999995
16,AUS,2004-Q1,5.537433999999999
17,AUS,2004-Q2,5.436225
18,AUS,2004-Q3,5.478689
19,AUS,2004-Q4,5.117726
20,AUS,2005-Q1,5.1073580000000005
21,AUS,2005-Q2,5.0577559999999995
22,AUS,2005-Q3,4.957692
23,AUS,2005-Q4,5.007709999999999
24,AUS,2006-Q1,5.045244
25,AUS,2006-Q2,4.858089
26,AUS,2006-Q3,4.677131
27,AUS,2006-Q4,4.515551
28,AUS,2007-Q1,4.550601
29,AUS,2007-Q2,4.325621
30,AUS,2007-Q3,4.253458
31,AUS,2007-Q4,4.3540209999999995
32,AUS,2008-Q1,4.087124
33,AUS,2008-Q2,4.25937
34,AUS,2008-Q3,4.182842
35,AUS,2008-Q4,4.441281
36,AUS,2009-Q1,5.309744
37,AUS,2009-Q2,5.730017
38,AUS,2009-Q3,5.678883
39,AUS,2009-Q4,5.557857
40,AUS,2010-Q1,5.332538
41,AUS,2010-Q2,5.291588
42,AUS,2010-Q3,5.120329
43,AUS,2010-Q4,5.090347
44,AUS,2011-Q1,4.971769
45,AUS,2011-Q2,4.963495
46,AUS,2011-Q3,5.18888
47,AUS,2011-Q4,5.205238
48,AUS,2012-Q1,5.146833999999999
49,AUS,2012-Q2,5.1193610000000005
50,AUS,2012-Q3,5.269537000000001
51,AUS,2012-Q4,5.36747
52,AUS,2013-Q1,5.482393
53,AUS,2013-Q2,5.630737
54,AUS,2013-Q3,5.717954
55,AUS,2013-Q4,5.842188
56,AUS,2014-Q1,5.898409
57,AUS,2014-Q2,5.926241
58,AUS,2014-Q3,6.160758
59,AUS,2014-Q4,6.2572790000000005
60,AUS,2015-Q1,6.183133
61,AUS,2015-Q2,6.016308
62,AUS,2015-Q3,6.171675
63,AUS,2015-Q4,5.840145
64,AUS,2016-Q1,5.779163
65,AUS,2016-Q2,5.686433
66,AUS,2016-Q3,5.646031
67,AUS,2016-Q4,5.725965
68,AUS,2017-Q1,5.786862999999999
69,AUS,2017-Q2,5.587657
70,AUS,2017-Q3,5.513017
71,AUS,2017-Q4,5.4639489999999995
72,AUS,2018-Q1,5.521843
73,AUS,2018-Q2,5.419763
74,AUS,2018-Q3,5.182827
75,AUS,2018-Q4,5.036932
76,AUS,2019-Q1,5.025599
77,AUS,2019-Q2,5.2298160000000005
78,AUS,2019-Q3,5.23174
79,AUS,2019-Q4,5.164823999999999
80,AUS,2020-Q1,5.1904449999999995
81,AUS,2020-Q2,6.956032
82,AUT,2000-Q1,4.233333
83,AUT,2000-Q2,3.7
84,AUT,2000-Q3,3.833333
85,AUT,2000-Q4,3.766667
86,AUT,2001-Q1,3.6333330000000004
87,AUT,2001-Q2,4.0
88,AUT,2001-Q3,4.1
89,AUT,2001-Q4,4.3
90,AUT,2002-Q1,4.5
91,AUT,2002-Q2,4.233333
92,AUT,2002-Q3,4.4
93,AUT,2002-Q4,4.433333
94,AUT,2003-Q1,4.533333
95,AUT,2003-Q2,4.8
96,AUT,2003-Q3,4.8
97,AUT,2003-Q4,5.033333
98,AUT,2004-Q1,5.633333
99,AUT,2004-Q2,5.366667
100,AUT,2004-Q3,5.466667
101,AUT,2004-Q4,5.5
102,AUT,2005-Q1,5.433333
103,AUT,2005-Q2,5.733333
104,AUT,2005-Q3,5.7
105,AUT,2005-Q4,5.733333
106,AUT,2006-Q1,5.733333
107,AUT,2006-Q2,5.233333
108,AUT,2006-Q3,5.0
109,AUT,2006-Q4,4.933333
110,AUT,2007-Q1,4.933333
111,AUT,2007-Q2,5.1
112,AUT,2007-Q3,4.966667
113,AUT,2007-Q4,4.466667
114,AUT,2008-Q1,4.2
115,AUT,2008-Q2,3.8
116,AUT,2008-Q3,4.066667
117,AUT,2008-Q4,4.4
118,AUT,2009-Q1,4.766667
119,AUT,2009-Q2,5.366667
120,AUT,2009-Q3,5.6666669999999995
121,AUT,2009-Q4,5.5
122,AUT,2010-Q1,5.066667
123,AUT,2010-Q2,4.933333
124,AUT,2010-Q3,4.866667
125,AUT,2010-Q4,4.5
126,AUT,2011-Q1,4.866667
127,AUT,2011-Q2,4.533333
128,AUT,2011-Q3,4.133333
129,AUT,2011-Q4,4.8
130,AUT,2012-Q1,4.533333
131,AUT,2012-Q2,4.933333
132,AUT,2012-Q3,5.2
133,AUT,2012-Q4,5.0
134,AUT,2013-Q1,5.3
135,AUT,2013-Q2,5.1666669999999995
136,AUT,2013-Q3,5.4
137,AUT,2013-Q4,5.466667
138,AUT,2014-Q1,5.6
139,AUT,2014-Q2,5.5
140,AUT,2014-Q3,5.6666669999999995
141,AUT,2014-Q4,5.6666669999999995
142,AUT,2015-Q1,5.566667
143,AUT,2015-Q2,5.9
144,AUT,2015-Q3,5.6
145,AUT,2015-Q4,5.9
146,AUT,2016-Q1,6.033333
147,AUT,2016-Q2,6.2
148,AUT,2016-Q3,6.1666669999999995
149,AUT,2016-Q4,5.766667
150,AUT,2017-Q1,5.733333
151,AUT,2017-Q2,5.5
152,AUT,2017-Q3,5.366667
153,AUT,2017-Q4,5.433333
154,AUT,2018-Q1,5.033333
155,AUT,2018-Q2,4.766667
156,AUT,2018-Q3,4.933333
157,AUT,2018-Q4,4.8
158,AUT,2019-Q1,4.766667
159,AUT,2019-Q2,4.5
160,AUT,2019-Q3,4.5
161,AUT,2019-Q4,4.233333
162,AUT,2020-Q1,4.466667
163,AUT,2020-Q2,5.2
164,BEL,2000-Q1,7.1
165,BEL,2000-Q2,6.8
166,BEL,2000-Q3,6.9
167,BEL,2000-Q4,6.633333
168,BEL,2001-Q1,6.066667
169,BEL,2001-Q2,6.5
170,BEL,2001-Q3,6.3
171,BEL,2001-Q4,7.4
172,BEL,2002-Q1,7.3333330000000005
173,BEL,2002-Q2,7.3
174,BEL,2002-Q3,7.5
175,BEL,2002-Q4,7.966667
176,BEL,2003-Q1,8.1
177,BEL,2003-Q2,8.1
178,BEL,2003-Q3,8.133333
179,BEL,2003-Q4,8.366667
180,BEL,2004-Q1,8.533334
181,BEL,2004-Q2,7.766667
182,BEL,2004-Q3,8.866667
183,BEL,2004-Q4,8.366667
184,BEL,2005-Q1,8.466666
185,BEL,2005-Q2,8.5
186,BEL,2005-Q3,8.5
187,BEL,2005-Q4,8.433333
188,BEL,2006-Q1,8.566667
189,BEL,2006-Q2,8.666667
190,BEL,2006-Q3,7.9
191,BEL,2006-Q4,7.933333
192,BEL,2007-Q1,7.8333330000000005
193,BEL,2007-Q2,8.0
194,BEL,2007-Q3,7.066667
195,BEL,2007-Q4,7.066667
196,BEL,2008-Q1,6.9
197,BEL,2008-Q2,6.633333
198,BEL,2008-Q3,7.5
199,BEL,2008-Q4,6.8333330000000005
200,BEL,2009-Q1,7.766667
201,BEL,2009-Q2,7.8333330000000005
202,BEL,2009-Q3,7.966667
203,BEL,2009-Q4,8.066667
204,BEL,2010-Q1,8.566667
205,BEL,2010-Q2,8.433333
206,BEL,2010-Q3,8.4
207,BEL,2010-Q4,7.8333330000000005
208,BEL,2011-Q1,7.1
209,BEL,2011-Q2,6.9
210,BEL,2011-Q3,7.5
211,BEL,2011-Q4,7.066667
212,BEL,2012-Q1,7.1666669999999995
213,BEL,2012-Q2,7.266667
214,BEL,2012-Q3,7.5
215,BEL,2012-Q4,8.266666
216,BEL,2013-Q1,8.4
217,BEL,2013-Q2,8.4
218,BEL,2013-Q3,8.466666
219,BEL,2013-Q4,8.533334
220,BEL,2014-Q1,8.666667
221,BEL,2014-Q2,8.5
222,BEL,2014-Q3,8.533334
223,BEL,2014-Q4,8.5
224,BEL,2015-Q1,8.7
225,BEL,2015-Q2,8.566667
226,BEL,2015-Q3,8.0
227,BEL,2015-Q4,8.666667
228,BEL,2016-Q1,8.266666
229,BEL,2016-Q2,8.133333
230,BEL,2016-Q3,7.733333
231,BEL,2016-Q4,7.233333
232,BEL,2017-Q1,7.7
233,BEL,2017-Q2,7.233333
234,BEL,2017-Q3,7.1
235,BEL,2017-Q4,6.433333
236,BEL,2018-Q1,6.1
237,BEL,2018-Q2,6.233333
238,BEL,2018-Q3,5.733333
239,BEL,2018-Q4,5.766667
240,BEL,2019-Q1,5.533333
241,BEL,2019-Q2,5.466667
242,BEL,2019-Q3,5.233333
243,BEL,2019-Q4,5.2
244,BEL,2020-Q1,5.066667
245,BEL,2020-Q2,5.4
246,CAN,2000-Q1,6.866667
247,CAN,2000-Q2,6.6666669999999995
248,CAN,2000-Q3,6.9
249,CAN,2000-Q4,6.9
250,CAN,2001-Q1,7.0
251,CAN,2001-Q2,7.1
252,CAN,2001-Q3,7.1666669999999995
253,CAN,2001-Q4,7.633333
254,CAN,2002-Q1,7.933333
255,CAN,2002-Q2,7.7
256,CAN,2002-Q3,7.5
257,CAN,2002-Q4,7.533333
258,CAN,2003-Q1,7.4
259,CAN,2003-Q2,7.6666669999999995
260,CAN,2003-Q3,7.766667
261,CAN,2003-Q4,7.466667
262,CAN,2004-Q1,7.3333330000000005
263,CAN,2004-Q2,7.1666669999999995
264,CAN,2004-Q3,7.0
265,CAN,2004-Q4,7.133333
266,CAN,2005-Q1,6.933333
267,CAN,2005-Q2,6.866667
268,CAN,2005-Q3,6.7
269,CAN,2005-Q4,6.533333
270,CAN,2006-Q1,6.466667
271,CAN,2006-Q2,6.1666669999999995
272,CAN,2006-Q3,6.4
273,CAN,2006-Q4,6.133333
274,CAN,2007-Q1,6.1666669999999995
275,CAN,2007-Q2,6.1
276,CAN,2007-Q3,5.933333
277,CAN,2007-Q4,5.933333
278,CAN,2008-Q1,5.966667
279,CAN,2008-Q2,6.0
280,CAN,2008-Q3,6.1
281,CAN,2008-Q4,6.566667
282,CAN,2009-Q1,7.8333330000000005
283,CAN,2009-Q2,8.533334
284,CAN,2009-Q3,8.6
285,CAN,2009-Q4,8.466666
286,CAN,2010-Q1,8.233334
287,CAN,2010-Q2,8.0
288,CAN,2010-Q3,8.1
289,CAN,2010-Q4,7.6666669999999995
290,CAN,2011-Q1,7.7
291,CAN,2011-Q2,7.533333
292,CAN,2011-Q3,7.3333330000000005
293,CAN,2011-Q4,7.433333
294,CAN,2012-Q1,7.466667
295,CAN,2012-Q2,7.3
296,CAN,2012-Q3,7.266667
297,CAN,2012-Q4,7.266667
298,CAN,2013-Q1,7.1666669999999995
299,CAN,2013-Q2,7.066667
300,CAN,2013-Q3,7.1
301,CAN,2013-Q4,7.066667
302,CAN,2014-Q1,7.0
303,CAN,2014-Q2,7.0
304,CAN,2014-Q3,7.0
305,CAN,2014-Q4,6.7
306,CAN,2015-Q1,6.733333
307,CAN,2015-Q2,6.8333330000000005
308,CAN,2015-Q3,6.966667
309,CAN,2015-Q4,7.066667
310,CAN,2016-Q1,7.2
311,CAN,2016-Q2,6.933333
312,CAN,2016-Q3,6.933333
313,CAN,2016-Q4,6.9
314,CAN,2017-Q1,6.6666669999999995
315,CAN,2017-Q2,6.5
316,CAN,2017-Q3,6.2
317,CAN,2017-Q4,6.0
318,CAN,2018-Q1,5.8
319,CAN,2018-Q2,5.933333
320,CAN,2018-Q3,5.9
321,CAN,2018-Q4,5.7
322,CAN,2019-Q1,5.766667
323,CAN,2019-Q2,5.566667
324,CAN,2019-Q3,5.633333
325,CAN,2019-Q4,5.7
326,CAN,2020-Q1,6.3
327,CAN,2020-Q2,13.0
328,CZE,2000-Q1,9.2
329,CZE,2000-Q2,8.866667
330,CZE,2000-Q3,8.6
331,CZE,2000-Q4,8.433333
332,CZE,2001-Q1,8.266666
333,CZE,2001-Q2,8.133333
334,CZE,2001-Q3,8.2
335,CZE,2001-Q4,7.9
336,CZE,2002-Q1,7.466667
337,CZE,2002-Q2,7.2
338,CZE,2002-Q3,7.233333
339,CZE,2002-Q4,7.3333330000000005
340,CZE,2003-Q1,7.4
341,CZE,2003-Q2,7.633333
342,CZE,2003-Q3,7.933333
343,CZE,2003-Q4,8.166667
344,CZE,2004-Q1,8.433333
345,CZE,2004-Q2,8.366667
346,CZE,2004-Q3,8.3
347,CZE,2004-Q4,8.266666
348,CZE,2005-Q1,8.133333
349,CZE,2005-Q2,7.9
350,CZE,2005-Q3,7.8
351,CZE,2005-Q4,7.766667
352,CZE,2006-Q1,7.733333
353,CZE,2006-Q2,7.266667
354,CZE,2006-Q3,7.0
355,CZE,2006-Q4,6.566667
356,CZE,2007-Q1,5.8333330000000005
357,CZE,2007-Q2,5.466667
358,CZE,2007-Q3,5.133333
359,CZE,2007-Q4,4.866667
360,CZE,2008-Q1,4.533333
361,CZE,2008-Q2,4.4
362,CZE,2008-Q3,4.266667
363,CZE,2008-Q4,4.5
364,CZE,2009-Q1,5.6
365,CZE,2009-Q2,6.433333
366,CZE,2009-Q3,7.233333
367,CZE,2009-Q4,7.433333
368,CZE,2010-Q1,7.766667
369,CZE,2010-Q2,7.266667
370,CZE,2010-Q3,7.1
371,CZE,2010-Q4,7.0
372,CZE,2011-Q1,6.933333
373,CZE,2011-Q2,6.8
374,CZE,2011-Q3,6.533333
375,CZE,2011-Q4,6.566667
376,CZE,2012-Q1,6.9
377,CZE,2012-Q2,6.8333330000000005
378,CZE,2012-Q3,6.966667
379,CZE,2012-Q4,7.233333
380,CZE,2013-Q1,7.2
381,CZE,2013-Q2,6.966667
382,CZE,2013-Q3,6.933333
383,CZE,2013-Q4,6.766667
384,CZE,2014-Q1,6.566667
385,CZE,2014-Q2,6.2
386,CZE,2014-Q3,5.9
387,CZE,2014-Q4,5.8
388,CZE,2015-Q1,5.733333
389,CZE,2015-Q2,5.1
390,CZE,2015-Q3,4.8
391,CZE,2015-Q4,4.533333
392,CZE,2016-Q1,4.233333
393,CZE,2016-Q2,4.033333
394,CZE,2016-Q3,3.9666669999999997
395,CZE,2016-Q4,3.666667
396,CZE,2017-Q1,3.3666669999999996
397,CZE,2017-Q2,3.066667
398,CZE,2017-Q3,2.7
399,CZE,2017-Q4,2.4666669999999997
400,CZE,2018-Q1,2.3666669999999996
401,CZE,2018-Q2,2.266667
402,CZE,2018-Q3,2.266667
403,CZE,2018-Q4,2.0
404,CZE,2019-Q1,2.1
405,CZE,2019-Q2,1.9666669999999997
406,CZE,2019-Q3,2.0
407,CZE,2019-Q4,2.0333330000000003
408,CZE,2020-Q1,2.0333330000000003
409,CZE,2020-Q2,2.433333
410,DNK,2000-Q1,4.6666669999999995
411,DNK,2000-Q2,4.433333
412,DNK,2000-Q3,4.1
413,DNK,2000-Q4,4.066667
414,DNK,2001-Q1,4.366667
415,DNK,2001-Q2,4.3333330000000005
416,DNK,2001-Q3,4.633333
417,DNK,2001-Q4,4.7
418,DNK,2002-Q1,4.433333
419,DNK,2002-Q2,4.4
420,DNK,2002-Q3,4.933333
421,DNK,2002-Q4,4.8
422,DNK,2003-Q1,5.0
423,DNK,2003-Q2,5.533333
424,DNK,2003-Q3,5.433333
425,DNK,2003-Q4,5.766667
426,DNK,2004-Q1,5.6666669999999995
427,DNK,2004-Q2,5.466667
428,DNK,2004-Q3,5.6
429,DNK,2004-Q4,5.3333330000000005
430,DNK,2005-Q1,5.233333
431,DNK,2005-Q2,5.066667
432,DNK,2005-Q3,4.733333
433,DNK,2005-Q4,4.1666669999999995
434,DNK,2006-Q1,4.1666669999999995
435,DNK,2006-Q2,4.1
436,DNK,2006-Q3,3.7
437,DNK,2006-Q4,3.6333330000000004
438,DNK,2007-Q1,3.9
439,DNK,2007-Q2,3.6
440,DNK,2007-Q3,4.033333
441,DNK,2007-Q4,3.566667
442,DNK,2008-Q1,3.266667
443,DNK,2008-Q2,3.566667
444,DNK,2008-Q3,3.8
445,DNK,2008-Q4,4.266667
446,DNK,2009-Q1,5.233333
447,DNK,2009-Q2,6.3
448,DNK,2009-Q3,6.766667
449,DNK,2009-Q4,7.3
450,DNK,2010-Q1,7.633333
451,DNK,2010-Q2,7.8
452,DNK,2010-Q3,7.7
453,DNK,2010-Q4,7.8333330000000005
454,DNK,2011-Q1,7.8333330000000005
455,DNK,2011-Q2,7.566667
456,DNK,2011-Q3,7.7
457,DNK,2011-Q4,7.933333
458,DNK,2012-Q1,7.8333330000000005
459,DNK,2012-Q2,8.1
460,DNK,2012-Q3,7.8
461,DNK,2012-Q4,7.5
462,DNK,2013-Q1,7.6
463,DNK,2013-Q2,7.4
464,DNK,2013-Q3,7.3
465,DNK,2013-Q4,7.233333
466,DNK,2014-Q1,7.0
467,DNK,2014-Q2,6.766667
468,DNK,2014-Q3,6.9
469,DNK,2014-Q4,6.733333
470,DNK,2015-Q1,6.5
471,DNK,2015-Q2,6.4
472,DNK,2015-Q3,6.2
473,DNK,2015-Q4,6.1
474,DNK,2016-Q1,6.0
475,DNK,2016-Q2,6.066667
476,DNK,2016-Q3,6.033333
477,DNK,2016-Q4,5.966667
478,DNK,2017-Q1,6.1
479,DNK,2017-Q2,5.866667
480,DNK,2017-Q3,5.8333330000000005
481,DNK,2017-Q4,5.466667
482,DNK,2018-Q1,5.1666669999999995
483,DNK,2018-Q2,5.2
484,DNK,2018-Q3,4.966667
485,DNK,2018-Q4,5.066667
486,DNK,2019-Q1,5.266667
487,DNK,2019-Q2,4.933333
488,DNK,2019-Q3,4.933333
489,DNK,2019-Q4,5.066667
490,DNK,2020-Q1,4.866667
491,DNK,2020-Q2,5.466667
492,FIN,2000-Q1,10.16667
493,FIN,2000-Q2,9.8
494,FIN,2000-Q3,9.6
495,FIN,2000-Q4,9.4
496,FIN,2001-Q1,9.233334
497,FIN,2001-Q2,9.133333
498,FIN,2001-Q3,9.133333
499,FIN,2001-Q4,9.133333
500,FIN,2002-Q1,9.1
501,FIN,2002-Q2,9.1
502,FIN,2002-Q3,9.1
503,FIN,2002-Q4,9.0
504,FIN,2003-Q1,8.933333
505,FIN,2003-Q2,9.133333
506,FIN,2003-Q3,8.933333
507,FIN,2003-Q4,8.966666
508,FIN,2004-Q1,9.0
509,FIN,2004-Q2,8.966666
510,FIN,2004-Q3,8.7
511,FIN,2004-Q4,8.666667
512,FIN,2005-Q1,8.6
513,FIN,2005-Q2,8.366667
514,FIN,2005-Q3,8.2
515,FIN,2005-Q4,8.1
516,FIN,2006-Q1,7.966667
517,FIN,2006-Q2,7.766667
518,FIN,2006-Q3,7.6
519,FIN,2006-Q4,7.3333330000000005
520,FIN,2007-Q1,7.1
521,FIN,2007-Q2,6.866667
522,FIN,2007-Q3,6.8
523,FIN,2007-Q4,6.6
524,FIN,2008-Q1,6.366667
525,FIN,2008-Q2,6.3
526,FIN,2008-Q3,6.4
527,FIN,2008-Q4,6.7
528,FIN,2009-Q1,7.3
529,FIN,2009-Q2,8.0
530,FIN,2009-Q3,8.366667
531,FIN,2009-Q4,8.6
532,FIN,2010-Q1,8.6
533,FIN,2010-Q2,8.433333
534,FIN,2010-Q3,8.3
535,FIN,2010-Q4,8.1
536,FIN,2011-Q1,8.0
537,FIN,2011-Q2,7.8
538,FIN,2011-Q3,7.733333
539,FIN,2011-Q4,7.633333
540,FIN,2012-Q1,7.6
541,FIN,2012-Q2,7.733333
542,FIN,2012-Q3,7.8
543,FIN,2012-Q4,7.866667
544,FIN,2013-Q1,8.066667
545,FIN,2013-Q2,8.033334
546,FIN,2013-Q3,8.1
547,FIN,2013-Q4,8.366667
548,FIN,2014-Q1,8.433333
549,FIN,2014-Q2,8.566667
550,FIN,2014-Q3,8.8
551,FIN,2014-Q4,9.0
552,FIN,2015-Q1,9.133333
553,FIN,2015-Q2,9.3
554,FIN,2015-Q3,9.4
555,FIN,2015-Q4,9.333333
556,FIN,2016-Q1,9.133333
557,FIN,2016-Q2,8.933333
558,FIN,2016-Q3,8.733334
559,FIN,2016-Q4,8.7
560,FIN,2017-Q1,8.8
561,FIN,2017-Q2,8.7
562,FIN,2017-Q3,8.466666
563,FIN,2017-Q4,8.366667
564,FIN,2018-Q1,8.033334
565,FIN,2018-Q2,7.566667
566,FIN,2018-Q3,7.2
567,FIN,2018-Q4,6.9
568,FIN,2019-Q1,6.8
569,FIN,2019-Q2,6.8
570,FIN,2019-Q3,6.9
571,FIN,2019-Q4,6.8333330000000005
572,FIN,2020-Q1,6.9
573,FIN,2020-Q2,7.4
574,FRA,2000-Q1,10.23333
575,FRA,2000-Q2,9.7
576,FRA,2000-Q3,9.266666
577,FRA,2000-Q4,8.9
578,FRA,2001-Q1,8.7
579,FRA,2001-Q2,8.733334
580,FRA,2001-Q3,8.8
581,FRA,2001-Q4,8.8
582,FRA,2002-Q1,8.766666
583,FRA,2002-Q2,8.633333
584,FRA,2002-Q3,8.6
585,FRA,2002-Q4,8.566667
586,FRA,2003-Q1,8.3
587,FRA,2003-Q2,8.433333
588,FRA,2003-Q3,8.5
589,FRA,2003-Q4,8.8
590,FRA,2004-Q1,8.8
591,FRA,2004-Q2,8.8
592,FRA,2004-Q3,8.8
593,FRA,2004-Q4,8.9
594,FRA,2005-Q1,8.7
595,FRA,2005-Q2,8.866667
596,FRA,2005-Q3,8.933333
597,FRA,2005-Q4,9.066667
598,FRA,2006-Q1,9.1
599,FRA,2006-Q2,8.933333
600,FRA,2006-Q3,8.833333
601,FRA,2006-Q4,8.433333
602,FRA,2007-Q1,8.4
603,FRA,2007-Q2,8.1
604,FRA,2007-Q3,7.933333
605,FRA,2007-Q4,7.5
606,FRA,2008-Q1,7.266667
607,FRA,2008-Q2,7.3
608,FRA,2008-Q3,7.466667
609,FRA,2008-Q4,7.8
610,FRA,2009-Q1,8.566667
611,FRA,2009-Q2,9.066667
612,FRA,2009-Q3,9.2
613,FRA,2009-Q4,9.5
614,FRA,2010-Q1,9.3
615,FRA,2010-Q2,9.266666
616,FRA,2010-Q3,9.233334
617,FRA,2010-Q4,9.2
618,FRA,2011-Q1,9.1
619,FRA,2011-Q2,9.133333
620,FRA,2011-Q3,9.2
621,FRA,2011-Q4,9.366667
622,FRA,2012-Q1,9.5
623,FRA,2012-Q2,9.666667
624,FRA,2012-Q3,9.8
625,FRA,2012-Q4,10.1
626,FRA,2013-Q1,10.33333
627,FRA,2013-Q2,10.4
628,FRA,2013-Q3,10.26667
629,FRA,2013-Q4,10.2
630,FRA,2014-Q1,10.2
631,FRA,2014-Q2,10.2
632,FRA,2014-Q3,10.3
633,FRA,2014-Q4,10.43333
634,FRA,2015-Q1,10.4
635,FRA,2015-Q2,10.5
636,FRA,2015-Q3,10.33333
637,FRA,2015-Q4,10.23333
638,FRA,2016-Q1,10.23333
639,FRA,2016-Q2,10.03333
640,FRA,2016-Q3,9.866667
641,FRA,2016-Q4,10.03333
642,FRA,2017-Q1,9.6
643,FRA,2017-Q2,9.5
644,FRA,2017-Q3,9.533334
645,FRA,2017-Q4,9.066667
646,FRA,2018-Q1,9.2
647,FRA,2018-Q2,9.066667
648,FRA,2018-Q3,9.0
649,FRA,2018-Q4,8.833333
650,FRA,2019-Q1,8.666667
651,FRA,2019-Q2,8.5
652,FRA,2019-Q3,8.466666
653,FRA,2019-Q4,8.233334
654,FRA,2020-Q1,7.733333
655,FRA,2020-Q2,7.1
656,DEU,2000-Q1,8.133333
657,DEU,2000-Q2,8.0
658,DEU,2000-Q3,7.9
659,DEU,2000-Q4,7.766667
660,DEU,2001-Q1,7.6666669999999995
661,DEU,2001-Q2,7.6666669999999995
662,DEU,2001-Q3,7.8333330000000005
663,DEU,2001-Q4,8.033334
664,DEU,2002-Q1,8.166667
665,DEU,2002-Q2,8.4
666,DEU,2002-Q3,8.733334
667,DEU,2002-Q4,9.1
668,DEU,2003-Q1,9.5
669,DEU,2003-Q2,9.733334
670,DEU,2003-Q3,9.8
671,DEU,2003-Q4,9.8
672,DEU,2004-Q1,10.06667
673,DEU,2004-Q2,10.3
674,DEU,2004-Q3,10.36667
675,DEU,2004-Q4,10.6
676,DEU,2005-Q1,10.83333
677,DEU,2005-Q2,11.2
678,DEU,2005-Q3,11.16667
679,DEU,2005-Q4,10.83333
680,DEU,2006-Q1,10.5
681,DEU,2006-Q2,10.2
682,DEU,2006-Q3,9.9
683,DEU,2006-Q4,9.566667
684,DEU,2007-Q1,9.033334
685,DEU,2007-Q2,8.6
686,DEU,2007-Q3,8.433333
687,DEU,2007-Q4,8.2
688,DEU,2008-Q1,7.8
689,DEU,2008-Q2,7.5
690,DEU,2008-Q3,7.133333
691,DEU,2008-Q4,7.1
692,DEU,2009-Q1,7.466667
693,DEU,2009-Q2,7.766667
694,DEU,2009-Q3,7.8333330000000005
695,DEU,2009-Q4,7.6
696,DEU,2010-Q1,7.3333330000000005
697,DEU,2010-Q2,7.033333
698,DEU,2010-Q3,6.766667
699,DEU,2010-Q4,6.6
700,DEU,2011-Q1,6.233333
701,DEU,2011-Q2,5.9
702,DEU,2011-Q3,5.733333
703,DEU,2011-Q4,5.566667
704,DEU,2012-Q1,5.433333
705,DEU,2012-Q2,5.4
706,DEU,2012-Q3,5.3333330000000005
707,DEU,2012-Q4,5.3
708,DEU,2013-Q1,5.4
709,DEU,2013-Q2,5.266667
710,DEU,2013-Q3,5.2
711,DEU,2013-Q4,5.1
712,DEU,2014-Q1,5.1
713,DEU,2014-Q2,5.0
714,DEU,2014-Q3,5.0
715,DEU,2014-Q4,4.933333
716,DEU,2015-Q1,4.766667
717,DEU,2015-Q2,4.7
718,DEU,2015-Q3,4.566667
719,DEU,2015-Q4,4.5
720,DEU,2016-Q1,4.366667
721,DEU,2016-Q2,4.233333
722,DEU,2016-Q3,4.1
723,DEU,2016-Q4,3.933333
724,DEU,2017-Q1,3.9
725,DEU,2017-Q2,3.8
726,DEU,2017-Q3,3.7
727,DEU,2017-Q4,3.6333330000000004
728,DEU,2018-Q1,3.5333330000000003
729,DEU,2018-Q2,3.4
730,DEU,2018-Q3,3.4
731,DEU,2018-Q4,3.333333
732,DEU,2019-Q1,3.233333
733,DEU,2019-Q2,3.066667
734,DEU,2019-Q3,3.0333330000000003
735,DEU,2019-Q4,3.2
736,DEU,2020-Q1,3.6
737,DEU,2020-Q2,4.1666669999999995
738,GRC,2000-Q1,11.56667
739,GRC,2000-Q2,11.46667
740,GRC,2000-Q3,11.23333
741,GRC,2000-Q4,10.63333
742,GRC,2001-Q1,10.5
743,GRC,2001-Q2,10.7
744,GRC,2001-Q3,10.63333
745,GRC,2001-Q4,10.86667
746,GRC,2002-Q1,10.7
747,GRC,2002-Q2,10.3
748,GRC,2002-Q3,10.23333
749,GRC,2002-Q4,10.0
750,GRC,2003-Q1,9.733334
751,GRC,2003-Q2,9.7
752,GRC,2003-Q3,9.7
753,GRC,2003-Q4,9.9
754,GRC,2004-Q1,10.86667
755,GRC,2004-Q2,10.6
756,GRC,2004-Q3,10.53333
757,GRC,2004-Q4,10.36667
758,GRC,2005-Q1,10.06667
759,GRC,2005-Q2,10.03333
760,GRC,2005-Q3,10.2
761,GRC,2005-Q4,9.766666
762,GRC,2006-Q1,9.333333
763,GRC,2006-Q2,9.1
764,GRC,2006-Q3,8.8
765,GRC,2006-Q4,8.8
766,GRC,2007-Q1,8.766666
767,GRC,2007-Q2,8.433333
768,GRC,2007-Q3,8.333333
769,GRC,2007-Q4,8.066667
770,GRC,2008-Q1,7.9
771,GRC,2008-Q2,7.6
772,GRC,2008-Q3,7.6666669999999995
773,GRC,2008-Q4,8.0
774,GRC,2009-Q1,9.033334
775,GRC,2009-Q2,9.333333
776,GRC,2009-Q3,9.866667
777,GRC,2009-Q4,10.43333
778,GRC,2010-Q1,11.3
779,GRC,2010-Q2,12.26667
780,GRC,2010-Q3,13.06667
781,GRC,2010-Q4,14.233329999999999
782,GRC,2011-Q1,15.46667
783,GRC,2011-Q2,16.866670000000003
784,GRC,2011-Q3,18.53333
785,GRC,2011-Q4,20.66667
786,GRC,2012-Q1,22.16667
787,GRC,2012-Q2,24.133329999999997
788,GRC,2012-Q3,25.6
789,GRC,2012-Q4,26.26667
790,GRC,2013-Q1,26.866670000000003
791,GRC,2013-Q2,27.66667
792,GRC,2013-Q3,27.83333
793,GRC,2013-Q4,27.6
794,GRC,2014-Q1,27.03333
795,GRC,2014-Q2,26.933329999999998
796,GRC,2014-Q3,26.26667
797,GRC,2014-Q4,25.866670000000003
798,GRC,2015-Q1,25.76667
799,GRC,2015-Q2,25.03333
800,GRC,2015-Q3,24.8
801,GRC,2015-Q4,24.3
802,GRC,2016-Q1,23.96667
803,GRC,2016-Q2,23.566670000000002
804,GRC,2016-Q3,23.33333
805,GRC,2016-Q4,23.3
806,GRC,2017-Q1,22.5
807,GRC,2017-Q2,21.633329999999997
808,GRC,2017-Q3,21.0
809,GRC,2017-Q4,20.9
810,GRC,2018-Q1,20.33333
811,GRC,2018-Q2,19.53333
812,GRC,2018-Q3,19.0
813,GRC,2018-Q4,18.5
814,GRC,2019-Q1,18.33333
815,GRC,2019-Q2,17.33333
816,GRC,2019-Q3,16.96667
817,GRC,2019-Q4,16.6
818,GRC,2020-Q1,15.53333
819,HUN,2000-Q1,6.566667
820,HUN,2000-Q2,6.4
821,HUN,2000-Q3,6.1
822,HUN,2000-Q4,5.9
823,HUN,2001-Q1,5.6666669999999995
824,HUN,2001-Q2,5.6
825,HUN,2001-Q3,5.533333
826,HUN,2001-Q4,5.5
827,HUN,2002-Q1,5.5
828,HUN,2002-Q2,5.533333
829,HUN,2002-Q3,5.633333
830,HUN,2002-Q4,5.7
831,HUN,2003-Q1,5.7
832,HUN,2003-Q2,5.8
833,HUN,2003-Q3,5.7
834,HUN,2003-Q4,5.7
835,HUN,2004-Q1,5.766667
836,HUN,2004-Q2,5.9
837,HUN,2004-Q3,6.1666669999999995
838,HUN,2004-Q4,6.433333
839,HUN,2005-Q1,6.766667
840,HUN,2005-Q2,7.1666669999999995
841,HUN,2005-Q3,7.366667
842,HUN,2005-Q4,7.4
843,HUN,2006-Q1,7.366667
844,HUN,2006-Q2,7.3333330000000005
845,HUN,2006-Q3,7.566667
846,HUN,2006-Q4,7.566667
847,HUN,2007-Q1,7.133333
848,HUN,2007-Q2,7.1666669999999995
849,HUN,2007-Q3,7.366667
850,HUN,2007-Q4,7.8333330000000005
851,HUN,2008-Q1,7.633333
852,HUN,2008-Q2,7.633333
853,HUN,2008-Q3,7.766667
854,HUN,2008-Q4,8.2
855,HUN,2009-Q1,9.266666
856,HUN,2009-Q2,9.766666
857,HUN,2009-Q3,10.43333
858,HUN,2009-Q4,10.7
859,HUN,2010-Q1,11.23333
860,HUN,2010-Q2,11.26667
861,HUN,2010-Q3,11.13333
862,HUN,2010-Q4,11.03333
863,HUN,2011-Q1,11.26667
864,HUN,2011-Q2,11.0
865,HUN,2011-Q3,11.0
866,HUN,2011-Q4,11.0
867,HUN,2012-Q1,11.33333
868,HUN,2012-Q2,11.06667
869,HUN,2012-Q3,10.7
870,HUN,2012-Q4,10.9
871,HUN,2013-Q1,10.9
872,HUN,2013-Q2,10.3
873,HUN,2013-Q3,10.0
874,HUN,2013-Q4,9.166667
875,HUN,2014-Q1,7.966667
876,HUN,2014-Q2,8.1
877,HUN,2014-Q3,7.5
878,HUN,2014-Q4,7.3333330000000005
879,HUN,2015-Q1,7.4
880,HUN,2015-Q2,7.0
881,HUN,2015-Q3,6.6
882,HUN,2015-Q4,6.3
883,HUN,2016-Q1,5.733333
884,HUN,2016-Q2,5.233333
885,HUN,2016-Q3,4.9
886,HUN,2016-Q4,4.466667
887,HUN,2017-Q1,4.3333330000000005
888,HUN,2017-Q2,4.366667
889,HUN,2017-Q3,4.133333
890,HUN,2017-Q4,3.8666669999999996
891,HUN,2018-Q1,3.7
892,HUN,2018-Q2,3.7
893,HUN,2018-Q3,3.733333
894,HUN,2018-Q4,3.666667
895,HUN,2019-Q1,3.433333
896,HUN,2019-Q2,3.433333
897,HUN,2019-Q3,3.4666669999999997
898,HUN,2019-Q4,3.4666669999999997
899,HUN,2020-Q1,3.566667
900,HUN,2020-Q2,4.6
901,ISL,2003-Q1,3.666667
902,ISL,2003-Q2,3.3666669999999996
903,ISL,2003-Q3,3.233333
904,ISL,2003-Q4,3.1333330000000004
905,ISL,2004-Q1,3.2
906,ISL,2004-Q2,3.2
907,ISL,2004-Q3,3.066667
908,ISL,2004-Q4,2.9
909,ISL,2005-Q1,2.8
910,ISL,2005-Q2,2.6333330000000004
911,ISL,2005-Q3,2.6
912,ISL,2005-Q4,2.7
913,ISL,2006-Q1,2.7
914,ISL,2006-Q2,2.833333
915,ISL,2006-Q3,2.8666669999999996
916,ISL,2006-Q4,2.7
917,ISL,2007-Q1,2.5
918,ISL,2007-Q2,2.5
919,ISL,2007-Q3,2.5
920,ISL,2007-Q4,2.5
921,ISL,2008-Q1,2.6
922,ISL,2008-Q2,2.8
923,ISL,2008-Q3,3.333333
924,ISL,2008-Q4,4.5
925,ISL,2009-Q1,6.133333
926,ISL,2009-Q2,6.9
927,ISL,2009-Q3,6.866667
928,ISL,2009-Q4,7.066667
929,ISL,2010-Q1,7.4
930,ISL,2010-Q2,7.3
931,ISL,2010-Q3,7.133333
932,ISL,2010-Q4,7.466667
933,ISL,2011-Q1,7.6
934,ISL,2011-Q2,7.2
935,ISL,2011-Q3,6.633333
936,ISL,2011-Q4,6.433333
937,ISL,2012-Q1,6.4
938,ISL,2012-Q2,6.1
939,ISL,2012-Q3,5.7
940,ISL,2012-Q4,5.533333
941,ISL,2013-Q1,5.6666669999999995
942,ISL,2013-Q2,5.633333
943,ISL,2013-Q3,5.3
944,ISL,2013-Q4,5.233333
945,ISL,2014-Q1,5.3
946,ISL,2014-Q2,5.066667
947,ISL,2014-Q3,4.7
948,ISL,2014-Q4,4.433333
949,ISL,2015-Q1,4.3
950,ISL,2015-Q2,4.1
951,ISL,2015-Q3,3.8666669999999996
952,ISL,2015-Q4,3.566667
953,ISL,2016-Q1,3.3
954,ISL,2016-Q2,3.066667
955,ISL,2016-Q3,2.9
956,ISL,2016-Q4,2.9
957,ISL,2017-Q1,2.833333
958,ISL,2017-Q2,2.8666669999999996
959,ISL,2017-Q3,3.0333330000000003
960,ISL,2017-Q4,3.2
961,ISL,2018-Q1,3.1333330000000004
962,ISL,2018-Q2,2.9
963,ISL,2018-Q3,2.7
964,ISL,2018-Q4,2.8
965,ISL,2019-Q1,3.1
966,ISL,2019-Q2,3.3666669999999996
967,ISL,2019-Q3,3.4666669999999997
968,ISL,2019-Q4,3.5333330000000003
969,ISL,2020-Q1,3.733333
970,ISL,2020-Q2,4.3
971,IRL,2000-Q1,4.9
972,IRL,2000-Q2,4.7
973,IRL,2000-Q3,4.366667
974,IRL,2000-Q4,3.933333
975,IRL,2001-Q1,4.0
976,IRL,2001-Q2,4.0
977,IRL,2001-Q3,4.366667
978,IRL,2001-Q4,4.4
979,IRL,2002-Q1,4.533333
980,IRL,2002-Q2,4.633333
981,IRL,2002-Q3,4.5
982,IRL,2002-Q4,5.233333
983,IRL,2003-Q1,4.8333330000000005
984,IRL,2003-Q2,4.766667
985,IRL,2003-Q3,5.0
986,IRL,2003-Q4,4.733333
987,IRL,2004-Q1,5.133333
988,IRL,2004-Q2,4.6666669999999995
989,IRL,2004-Q3,4.5
990,IRL,2004-Q4,4.6666669999999995
991,IRL,2005-Q1,4.4
992,IRL,2005-Q2,4.866667
993,IRL,2005-Q3,4.7
994,IRL,2005-Q4,4.533333
995,IRL,2006-Q1,4.7
996,IRL,2006-Q2,4.733333
997,IRL,2006-Q3,5.0
998,IRL,2006-Q4,4.6666669999999995
999,IRL,2007-Q1,4.9
1000,IRL,2007-Q2,5.0
1001,IRL,2007-Q3,4.9
1002,IRL,2007-Q4,5.2
1003,IRL,2008-Q1,5.366667
1004,IRL,2008-Q2,5.933333
1005,IRL,2008-Q3,7.3333330000000005
1006,IRL,2008-Q4,8.566667
1007,IRL,2009-Q1,10.86667
1008,IRL,2009-Q2,12.6
1009,IRL,2009-Q3,13.3
1010,IRL,2009-Q4,13.8
1011,IRL,2010-Q1,13.8
1012,IRL,2010-Q2,14.366670000000001
1013,IRL,2010-Q3,14.566670000000002
1014,IRL,2010-Q4,15.6
1015,IRL,2011-Q1,15.166670000000002
1016,IRL,2011-Q2,15.066670000000002
1017,IRL,2011-Q3,15.633329999999999
1018,IRL,2011-Q4,15.866670000000001
1019,IRL,2012-Q1,15.96667
1020,IRL,2012-Q2,15.53333
1021,IRL,2012-Q3,15.5
1022,IRL,2012-Q4,15.0
1023,IRL,2013-Q1,14.53333
1024,IRL,2013-Q2,14.333329999999998
1025,IRL,2013-Q3,13.366670000000001
1026,IRL,2013-Q4,12.83333
1027,IRL,2014-Q1,12.83333
1028,IRL,2014-Q2,12.2
1029,IRL,2014-Q3,11.66667
1030,IRL,2014-Q4,10.86667
1031,IRL,2015-Q1,10.66667
1032,IRL,2015-Q2,10.13333
1033,IRL,2015-Q3,9.566667
1034,IRL,2015-Q4,9.4
1035,IRL,2016-Q1,8.933333
1036,IRL,2016-Q2,8.866667
1037,IRL,2016-Q3,8.233334
1038,IRL,2016-Q4,7.5
1039,IRL,2017-Q1,7.3
1040,IRL,2017-Q2,6.6666669999999995
1041,IRL,2017-Q3,6.633333
1042,IRL,2017-Q4,6.3333330000000005
1043,IRL,2018-Q1,5.933333
1044,IRL,2018-Q2,5.866667
1045,IRL,2018-Q3,5.6666669999999995
1046,IRL,2018-Q4,5.6
1047,IRL,2019-Q1,5.033333
1048,IRL,2019-Q2,5.2
1049,IRL,2019-Q3,4.933333
1050,IRL,2019-Q4,4.7
1051,IRL,2020-Q1,4.966667
1052,IRL,2020-Q2,4.866667
1053,ITA,2000-Q1,10.56667
1054,ITA,2000-Q2,10.26667
1055,ITA,2000-Q3,9.966666
1056,ITA,2000-Q4,9.6
1057,ITA,2001-Q1,9.366667
1058,ITA,2001-Q2,9.133333
1059,ITA,2001-Q3,9.033334
1060,ITA,2001-Q4,8.866667
1061,ITA,2002-Q1,8.533334
1062,ITA,2002-Q2,8.833333
1063,ITA,2002-Q3,8.6
1064,ITA,2002-Q4,8.466666
1065,ITA,2003-Q1,8.733334
1066,ITA,2003-Q2,8.466666
1067,ITA,2003-Q3,8.4
1068,ITA,2003-Q4,8.2
1069,ITA,2004-Q1,8.166667
1070,ITA,2004-Q2,8.0
1071,ITA,2004-Q3,7.8
1072,ITA,2004-Q4,7.933333
1073,ITA,2005-Q1,7.8333330000000005
1074,ITA,2005-Q2,7.766667
1075,ITA,2005-Q3,7.6
1076,ITA,2005-Q4,7.6
1077,ITA,2006-Q1,7.233333
1078,ITA,2006-Q2,6.9
1079,ITA,2006-Q3,6.6
1080,ITA,2006-Q4,6.433333
1081,ITA,2007-Q1,6.066667
1082,ITA,2007-Q2,5.933333
1083,ITA,2007-Q3,6.2
1084,ITA,2007-Q4,6.3333330000000005
1085,ITA,2008-Q1,6.533333
1086,ITA,2008-Q2,6.8
1087,ITA,2008-Q3,6.7
1088,ITA,2008-Q4,6.9
1089,ITA,2009-Q1,7.3333330000000005
1090,ITA,2009-Q2,7.466667
1091,ITA,2009-Q3,7.933333
1092,ITA,2009-Q4,8.233334
1093,ITA,2010-Q1,8.4
1094,ITA,2010-Q2,8.5
1095,ITA,2010-Q3,8.233334
1096,ITA,2010-Q4,8.233334
1097,ITA,2011-Q1,7.966667
1098,ITA,2011-Q2,8.033334
1099,ITA,2011-Q3,8.5
1100,ITA,2011-Q4,9.166667
1101,ITA,2012-Q1,9.933333
1102,ITA,2012-Q2,10.56667
1103,ITA,2012-Q3,10.83333
1104,ITA,2012-Q4,11.36667
1105,ITA,2013-Q1,11.76667
1106,ITA,2013-Q2,12.13333
1107,ITA,2013-Q3,12.26667
1108,ITA,2013-Q4,12.33333
1109,ITA,2014-Q1,12.73333
1110,ITA,2014-Q2,12.43333
1111,ITA,2014-Q3,12.56667
1112,ITA,2014-Q4,12.7
1113,ITA,2015-Q1,12.36667
1114,ITA,2015-Q2,12.2
1115,ITA,2015-Q3,11.53333
1116,ITA,2015-Q4,11.53333
1117,ITA,2016-Q1,11.56667
1118,ITA,2016-Q2,11.66667
1119,ITA,2016-Q3,11.63333
1120,ITA,2016-Q4,11.76667
1121,ITA,2017-Q1,11.53333
1122,ITA,2017-Q2,11.23333
1123,ITA,2017-Q3,11.33333
1124,ITA,2017-Q4,11.0
1125,ITA,2018-Q1,10.9
1126,ITA,2018-Q2,10.8
1127,ITA,2018-Q3,10.3
1128,ITA,2018-Q4,10.5
1129,ITA,2019-Q1,10.4
1130,ITA,2019-Q2,10.0
1131,ITA,2019-Q3,9.633333
1132,ITA,2019-Q4,9.533334
1133,ITA,2020-Q1,9.166667
1134,ITA,2020-Q2,8.366667
1135,JPN,2000-Q1,4.8333330000000005
1136,JPN,2000-Q2,4.7
1137,JPN,2000-Q3,4.6666669999999995
1138,JPN,2000-Q4,4.733333
1139,JPN,2001-Q1,4.766667
1140,JPN,2001-Q2,4.9
1141,JPN,2001-Q3,5.133333
1142,JPN,2001-Q4,5.366667
1143,JPN,2002-Q1,5.266667
1144,JPN,2002-Q2,5.4
1145,JPN,2002-Q3,5.433333
1146,JPN,2002-Q4,5.3333330000000005
1147,JPN,2003-Q1,5.3333330000000005
1148,JPN,2003-Q2,5.433333
1149,JPN,2003-Q3,5.1666669999999995
1150,JPN,2003-Q4,5.033333
1151,JPN,2004-Q1,4.9
1152,JPN,2004-Q2,4.733333
1153,JPN,2004-Q3,4.766667
1154,JPN,2004-Q4,4.533333
1155,JPN,2005-Q1,4.533333
1156,JPN,2005-Q2,4.433333
1157,JPN,2005-Q3,4.3
1158,JPN,2005-Q4,4.433333
1159,JPN,2006-Q1,4.2
1160,JPN,2006-Q2,4.133333
1161,JPN,2006-Q3,4.1
1162,JPN,2006-Q4,4.033333
1163,JPN,2007-Q1,4.0
1164,JPN,2007-Q2,3.766667
1165,JPN,2007-Q3,3.733333
1166,JPN,2007-Q4,3.833333
1167,JPN,2008-Q1,3.9
1168,JPN,2008-Q2,3.9666669999999997
1169,JPN,2008-Q3,4.0
1170,JPN,2008-Q4,4.066667
1171,JPN,2009-Q1,4.566667
1172,JPN,2009-Q2,5.1
1173,JPN,2009-Q3,5.433333
1174,JPN,2009-Q4,5.2
1175,JPN,2010-Q1,5.033333
1176,JPN,2010-Q2,5.133333
1177,JPN,2010-Q3,5.066667
1178,JPN,2010-Q4,5.0
1179,JPN,2011-Q1,4.733333
1180,JPN,2011-Q2,4.6666669999999995
1181,JPN,2011-Q3,4.466667
1182,JPN,2011-Q4,4.466667
1183,JPN,2012-Q1,4.5
1184,JPN,2012-Q2,4.4
1185,JPN,2012-Q3,4.233333
1186,JPN,2012-Q4,4.1666669999999995
1187,JPN,2013-Q1,4.2
1188,JPN,2013-Q2,4.033333
1189,JPN,2013-Q3,3.933333
1190,JPN,2013-Q4,3.8666669999999996
1191,JPN,2014-Q1,3.666667
1192,JPN,2014-Q2,3.6333330000000004
1193,JPN,2014-Q3,3.566667
1194,JPN,2014-Q4,3.4666669999999997
1195,JPN,2015-Q1,3.5
1196,JPN,2015-Q2,3.3666669999999996
1197,JPN,2015-Q3,3.3666669999999996
1198,JPN,2015-Q4,3.266667
1199,JPN,2016-Q1,3.233333
1200,JPN,2016-Q2,3.166667
1201,JPN,2016-Q3,3.0333330000000003
1202,JPN,2016-Q4,3.0
1203,JPN,2017-Q1,2.9
1204,JPN,2017-Q2,2.9
1205,JPN,2017-Q3,2.8
1206,JPN,2017-Q4,2.7
1207,JPN,2018-Q1,2.4666669999999997
1208,JPN,2018-Q2,2.433333
1209,JPN,2018-Q3,2.433333
1210,JPN,2018-Q4,2.433333
1211,JPN,2019-Q1,2.4666669999999997
1212,JPN,2019-Q2,2.3666669999999996
1213,JPN,2019-Q3,2.333333
1214,JPN,2019-Q4,2.266667
1215,JPN,2020-Q1,2.433333
1216,JPN,2020-Q2,2.766667
1217,KOR,2000-Q1,4.8
1218,KOR,2000-Q2,4.266667
1219,KOR,2000-Q3,4.266667
1220,KOR,2000-Q4,4.233333
1221,KOR,2001-Q1,4.566667
1222,KOR,2001-Q2,3.9
1223,KOR,2001-Q3,3.766667
1224,KOR,2001-Q4,3.7
1225,KOR,2002-Q1,3.5333330000000003
1226,KOR,2002-Q2,3.266667
1227,KOR,2002-Q3,3.1333330000000004
1228,KOR,2002-Q4,3.1
1229,KOR,2003-Q1,3.3666669999999996
1230,KOR,2003-Q2,3.5333330000000003
1231,KOR,2003-Q3,3.6333330000000004
1232,KOR,2003-Q4,3.766667
1233,KOR,2004-Q1,3.6
1234,KOR,2004-Q2,3.6
1235,KOR,2004-Q3,3.666667
1236,KOR,2004-Q4,3.733333
1237,KOR,2005-Q1,3.766667
1238,KOR,2005-Q2,3.733333
1239,KOR,2005-Q3,3.766667
1240,KOR,2005-Q4,3.7
1241,KOR,2006-Q1,3.5333330000000003
1242,KOR,2006-Q2,3.4666669999999997
1243,KOR,2006-Q3,3.5
1244,KOR,2006-Q4,3.4666669999999997
1245,KOR,2007-Q1,3.266667
1246,KOR,2007-Q2,3.266667
1247,KOR,2007-Q3,3.233333
1248,KOR,2007-Q4,3.233333
1249,KOR,2008-Q1,3.0
1250,KOR,2008-Q2,3.1333330000000004
1251,KOR,2008-Q3,3.166667
1252,KOR,2008-Q4,3.3
1253,KOR,2009-Q1,3.4666669999999997
1254,KOR,2009-Q2,3.8
1255,KOR,2009-Q3,3.733333
1256,KOR,2009-Q4,3.6
1257,KOR,2010-Q1,4.1666669999999995
1258,KOR,2010-Q2,3.433333
1259,KOR,2010-Q3,3.6333330000000004
1260,KOR,2010-Q4,3.5333330000000003
1261,KOR,2011-Q1,3.7
1262,KOR,2011-Q2,3.3666669999999996
1263,KOR,2011-Q3,3.266667
1264,KOR,2011-Q4,3.2
1265,KOR,2012-Q1,3.333333
1266,KOR,2012-Q2,3.233333
1267,KOR,2012-Q3,3.1333330000000004
1268,KOR,2012-Q4,3.1
1269,KOR,2013-Q1,3.1333330000000004
1270,KOR,2013-Q2,3.066667
1271,KOR,2013-Q3,3.1
1272,KOR,2013-Q4,3.1
1273,KOR,2014-Q1,3.433333
1274,KOR,2014-Q2,3.566667
1275,KOR,2014-Q3,3.4666669999999997
1276,KOR,2014-Q4,3.6
1277,KOR,2015-Q1,3.566667
1278,KOR,2015-Q2,3.7
1279,KOR,2015-Q3,3.566667
1280,KOR,2015-Q4,3.5333330000000003
1281,KOR,2016-Q1,3.733333
1282,KOR,2016-Q2,3.6
1283,KOR,2016-Q3,3.733333
1284,KOR,2016-Q4,3.6333330000000004
1285,KOR,2017-Q1,3.7
1286,KOR,2017-Q2,3.7
1287,KOR,2017-Q3,3.6333330000000004
1288,KOR,2017-Q4,3.7
1289,KOR,2018-Q1,3.733333
1290,KOR,2018-Q2,3.8
1291,KOR,2018-Q3,4.0
1292,KOR,2018-Q4,3.8666669999999996
1293,KOR,2019-Q1,3.933333
1294,KOR,2019-Q2,4.0
1295,KOR,2019-Q3,3.5
1296,KOR,2019-Q4,3.6
1297,KOR,2020-Q1,3.7
1298,KOR,2020-Q2,4.2
1299,LUX,2000-Q1,2.3
1300,LUX,2000-Q2,2.3
1301,LUX,2000-Q3,2.233333
1302,LUX,2000-Q4,2.0333330000000003
1303,LUX,2001-Q1,1.8666669999999999
1304,LUX,2001-Q2,1.8666669999999999
1305,LUX,2001-Q3,1.9
1306,LUX,2001-Q4,2.0
1307,LUX,2002-Q1,2.1333330000000004
1308,LUX,2002-Q2,2.433333
1309,LUX,2002-Q3,2.7
1310,LUX,2002-Q4,2.9666669999999997
1311,LUX,2003-Q1,3.3
1312,LUX,2003-Q2,3.6
1313,LUX,2003-Q3,3.933333
1314,LUX,2003-Q4,4.3333330000000005
1315,LUX,2004-Q1,4.733333
1316,LUX,2004-Q2,5.0
1317,LUX,2004-Q3,5.066667
1318,LUX,2004-Q4,4.966667
1319,LUX,2005-Q1,4.766667
1320,LUX,2005-Q2,4.6666669999999995
1321,LUX,2005-Q3,4.533333
1322,LUX,2005-Q4,4.633333
1323,LUX,2006-Q1,4.566667
1324,LUX,2006-Q2,4.533333
1325,LUX,2006-Q3,4.566667
1326,LUX,2006-Q4,4.6
1327,LUX,2007-Q1,4.4
1328,LUX,2007-Q2,4.133333
1329,LUX,2007-Q3,4.0
1330,LUX,2007-Q4,4.1666669999999995
1331,LUX,2008-Q1,4.4
1332,LUX,2008-Q2,4.8
1333,LUX,2008-Q3,5.0
1334,LUX,2008-Q4,5.233333
1335,LUX,2009-Q1,5.4
1336,LUX,2009-Q2,5.266667
1337,LUX,2009-Q3,5.033333
1338,LUX,2009-Q4,4.9
1339,LUX,2010-Q1,4.633333
1340,LUX,2010-Q2,4.433333
1341,LUX,2010-Q3,4.433333
1342,LUX,2010-Q4,4.733333
1343,LUX,2011-Q1,4.7
1344,LUX,2011-Q2,4.766667
1345,LUX,2011-Q3,5.0
1346,LUX,2011-Q4,4.8333330000000005
1347,LUX,2012-Q1,5.0
1348,LUX,2012-Q2,5.066667
1349,LUX,2012-Q3,5.033333
1350,LUX,2012-Q4,5.3
1351,LUX,2013-Q1,5.6
1352,LUX,2013-Q2,5.8
1353,LUX,2013-Q3,5.933333
1354,LUX,2013-Q4,6.0
1355,LUX,2014-Q1,5.966667
1356,LUX,2014-Q2,5.966667
1357,LUX,2014-Q3,6.033333
1358,LUX,2014-Q4,6.1666669999999995
1359,LUX,2015-Q1,6.366667
1360,LUX,2015-Q2,6.5
1361,LUX,2015-Q3,6.5
1362,LUX,2015-Q4,6.5
1363,LUX,2016-Q1,6.4
1364,LUX,2016-Q2,6.3
1365,LUX,2016-Q3,6.3
1366,LUX,2016-Q4,6.3
1367,LUX,2017-Q1,5.866667
1368,LUX,2017-Q2,5.533333
1369,LUX,2017-Q3,5.533333
1370,LUX,2017-Q4,5.466667
1371,LUX,2018-Q1,5.5
1372,LUX,2018-Q2,5.566667
1373,LUX,2018-Q3,5.633333
1374,LUX,2018-Q4,5.366667
1375,LUX,2019-Q1,5.4
1376,LUX,2019-Q2,5.7
1377,LUX,2019-Q3,5.633333
1378,LUX,2019-Q4,5.566667
1379,LUX,2020-Q1,6.0
1380,LUX,2020-Q2,7.633333
1381,MEX,2000-Q1,2.2
1382,MEX,2000-Q2,2.745935
1383,MEX,2000-Q3,2.601958
1384,MEX,2000-Q4,2.464741
1385,MEX,2001-Q1,2.805978
1386,MEX,2001-Q2,2.740413
1387,MEX,2001-Q3,2.543731
1388,MEX,2001-Q4,2.981952
1389,MEX,2002-Q1,3.139209
1390,MEX,2002-Q2,3.0735580000000002
1391,MEX,2002-Q3,2.8570830000000003
1392,MEX,2002-Q4,2.841613
1393,MEX,2003-Q1,2.998102
1394,MEX,2003-Q2,3.183627
1395,MEX,2003-Q3,3.6858190000000004
1396,MEX,2003-Q4,3.735867
1397,MEX,2004-Q1,3.914457
1398,MEX,2004-Q2,3.943343
1399,MEX,2004-Q3,3.878943
1400,MEX,2004-Q4,3.934365
1401,MEX,2005-Q1,3.7786199999999996
1402,MEX,2005-Q2,3.7766370000000005
1403,MEX,2005-Q3,3.5543080000000002
1404,MEX,2005-Q4,3.27035
1405,MEX,2006-Q1,3.494963
1406,MEX,2006-Q2,3.3738910000000004
1407,MEX,2006-Q3,3.709345
1408,MEX,2006-Q4,3.8125970000000002
1409,MEX,2007-Q1,3.9222910000000004
1410,MEX,2007-Q2,3.571903
1411,MEX,2007-Q3,3.643657
1412,MEX,2007-Q4,3.744425
1413,MEX,2008-Q1,3.8576660000000005
1414,MEX,2008-Q2,3.645974
1415,MEX,2008-Q3,3.8984050000000003
1416,MEX,2008-Q4,4.496169999999999
1417,MEX,2009-Q1,5.013717
1418,MEX,2009-Q2,5.486351
1419,MEX,2009-Q3,5.86987
1420,MEX,2009-Q4,5.559085
1421,MEX,2010-Q1,5.392989
1422,MEX,2010-Q2,5.368454
1423,MEX,2010-Q3,5.2499910000000005
1424,MEX,2010-Q4,5.513553
1425,MEX,2011-Q1,5.194230999999999
1426,MEX,2011-Q2,5.3851059999999995
1427,MEX,2011-Q3,5.327775
1428,MEX,2011-Q4,5.030678
1429,MEX,2012-Q1,5.035686
1430,MEX,2012-Q2,4.9228
1431,MEX,2012-Q3,4.798222
1432,MEX,2012-Q4,5.058804
1433,MEX,2013-Q1,5.007143
1434,MEX,2013-Q2,5.0670459999999995
1435,MEX,2013-Q3,4.874798999999999
1436,MEX,2013-Q4,4.768426
1437,MEX,2014-Q1,4.947556
1438,MEX,2014-Q2,4.925482
1439,MEX,2014-Q3,4.933515
1440,MEX,2014-Q4,4.509569
1441,MEX,2015-Q1,4.325991
1442,MEX,2015-Q2,4.428209
1443,MEX,2015-Q3,4.352977
1444,MEX,2015-Q4,4.306237
1445,MEX,2016-Q1,4.131334
1446,MEX,2016-Q2,3.950392
1447,MEX,2016-Q3,3.8101
1448,MEX,2016-Q4,3.6379839999999994
1449,MEX,2017-Q1,3.4615339999999994
1450,MEX,2017-Q2,3.454561
1451,MEX,2017-Q3,3.306964
1452,MEX,2017-Q4,3.452067
1453,MEX,2018-Q1,3.2500169999999997
1454,MEX,2018-Q2,3.352275
1455,MEX,2018-Q3,3.3110800000000005
1456,MEX,2018-Q4,3.402029
1457,MEX,2019-Q1,3.450853
1458,MEX,2019-Q2,3.549229
1459,MEX,2019-Q3,3.5401559999999996
1460,MEX,2019-Q4,3.4381440000000003
1461,MEX,2020-Q1,3.501783
1462,MEX,2020-Q2,4.8
1463,NLD,2000-Q1,3.8666669999999996
1464,NLD,2000-Q2,3.733333
1465,NLD,2000-Q3,3.566667
1466,NLD,2000-Q4,3.3666669999999996
1467,NLD,2001-Q1,3.2
1468,NLD,2001-Q2,3.1
1469,NLD,2001-Q3,3.1
1470,NLD,2001-Q4,3.1333330000000004
1471,NLD,2002-Q1,3.3
1472,NLD,2002-Q2,3.5
1473,NLD,2002-Q3,3.8
1474,NLD,2002-Q4,4.1
1475,NLD,2003-Q1,4.366667
1476,NLD,2003-Q2,4.7
1477,NLD,2003-Q3,5.0
1478,NLD,2003-Q4,5.266667
1479,NLD,2004-Q1,5.433333
1480,NLD,2004-Q2,5.766667
1481,NLD,2004-Q3,5.6666669999999995
1482,NLD,2004-Q4,5.766667
1483,NLD,2005-Q1,5.966667
1484,NLD,2005-Q2,5.966667
1485,NLD,2005-Q3,5.8333330000000005
1486,NLD,2005-Q4,5.733333
1487,NLD,2006-Q1,5.433333
1488,NLD,2006-Q2,5.133333
1489,NLD,2006-Q3,4.8333330000000005
1490,NLD,2006-Q4,4.6666669999999995
1491,NLD,2007-Q1,4.433333
1492,NLD,2007-Q2,4.1666669999999995
1493,NLD,2007-Q3,4.1
1494,NLD,2007-Q4,3.9666669999999997
1495,NLD,2008-Q1,3.666667
1496,NLD,2008-Q2,3.7
1497,NLD,2008-Q3,3.6
1498,NLD,2008-Q4,3.6333330000000004
1499,NLD,2009-Q1,3.8
1500,NLD,2009-Q2,4.2
1501,NLD,2009-Q3,4.6
1502,NLD,2009-Q4,4.866667
1503,NLD,2010-Q1,5.1
1504,NLD,2010-Q2,5.0
1505,NLD,2010-Q3,5.0
1506,NLD,2010-Q4,4.933333
1507,NLD,2011-Q1,4.866667
1508,NLD,2011-Q2,4.733333
1509,NLD,2011-Q3,4.966667
1510,NLD,2011-Q4,5.3333330000000005
1511,NLD,2012-Q1,5.5
1512,NLD,2012-Q2,5.7
1513,NLD,2012-Q3,5.9
1514,NLD,2012-Q4,6.233333
1515,NLD,2013-Q1,6.766667
1516,NLD,2013-Q2,7.133333
1517,NLD,2013-Q3,7.533333
1518,NLD,2013-Q4,7.633333
1519,NLD,2014-Q1,7.8333330000000005
1520,NLD,2014-Q2,7.566667
1521,NLD,2014-Q3,7.2
1522,NLD,2014-Q4,7.133333
1523,NLD,2015-Q1,7.1
1524,NLD,2015-Q2,6.933333
1525,NLD,2015-Q3,6.8
1526,NLD,2015-Q4,6.733333
1527,NLD,2016-Q1,6.466667
1528,NLD,2016-Q2,6.266667
1529,NLD,2016-Q3,5.8333330000000005
1530,NLD,2016-Q4,5.533333
1531,NLD,2017-Q1,5.233333
1532,NLD,2017-Q2,5.033333
1533,NLD,2017-Q3,4.733333
1534,NLD,2017-Q4,4.433333
1535,NLD,2018-Q1,4.066667
1536,NLD,2018-Q2,3.9
1537,NLD,2018-Q3,3.8
1538,NLD,2018-Q4,3.6
1539,NLD,2019-Q1,3.433333
1540,NLD,2019-Q2,3.333333
1541,NLD,2019-Q3,3.4666669999999997
1542,NLD,2019-Q4,3.4
1543,NLD,2020-Q1,2.933333
1544,NLD,2020-Q2,3.766667
1545,NZL,2000-Q1,6.5
1546,NZL,2000-Q2,6.3
1547,NZL,2000-Q3,6.0
1548,NZL,2000-Q4,5.8
1549,NZL,2001-Q1,5.5
1550,NZL,2001-Q2,5.4
1551,NZL,2001-Q3,5.4
1552,NZL,2001-Q4,5.6
1553,NZL,2002-Q1,5.3
1554,NZL,2002-Q2,5.3
1555,NZL,2002-Q3,5.5
1556,NZL,2002-Q4,5.1
1557,NZL,2003-Q1,5.0
1558,NZL,2003-Q2,4.8
1559,NZL,2003-Q3,4.5
1560,NZL,2003-Q4,4.7
1561,NZL,2004-Q1,4.3
1562,NZL,2004-Q2,4.2
1563,NZL,2004-Q3,3.9
1564,NZL,2004-Q4,3.7
1565,NZL,2005-Q1,3.9
1566,NZL,2005-Q2,3.8
1567,NZL,2005-Q3,3.8
1568,NZL,2005-Q4,3.7
1569,NZL,2006-Q1,4.1
1570,NZL,2006-Q2,3.7
1571,NZL,2006-Q3,3.9
1572,NZL,2006-Q4,3.8
1573,NZL,2007-Q1,3.9
1574,NZL,2007-Q2,3.6
1575,NZL,2007-Q3,3.5
1576,NZL,2007-Q4,3.3
1577,NZL,2008-Q1,3.8
1578,NZL,2008-Q2,3.8
1579,NZL,2008-Q3,4.0
1580,NZL,2008-Q4,4.4
1581,NZL,2009-Q1,5.0
1582,NZL,2009-Q2,5.7
1583,NZL,2009-Q3,6.1
1584,NZL,2009-Q4,6.5
1585,NZL,2010-Q1,5.9
1586,NZL,2010-Q2,6.5
1587,NZL,2010-Q3,6.0
1588,NZL,2010-Q4,6.2
1589,NZL,2011-Q1,6.0
1590,NZL,2011-Q2,6.0
1591,NZL,2011-Q3,5.9
1592,NZL,2011-Q4,6.0
1593,NZL,2012-Q1,6.3
1594,NZL,2012-Q2,6.3
1595,NZL,2012-Q3,6.7
1596,NZL,2012-Q4,6.3
1597,NZL,2013-Q1,5.7
1598,NZL,2013-Q2,5.9
1599,NZL,2013-Q3,5.8
1600,NZL,2013-Q4,5.6
1601,NZL,2014-Q1,5.5
1602,NZL,2014-Q2,5.2
1603,NZL,2014-Q3,5.2
1604,NZL,2014-Q4,5.5
1605,NZL,2015-Q1,5.4
1606,NZL,2015-Q2,5.5
1607,NZL,2015-Q3,5.6
1608,NZL,2015-Q4,4.9
1609,NZL,2016-Q1,5.2
1610,NZL,2016-Q2,5.0
1611,NZL,2016-Q3,5.0
1612,NZL,2016-Q4,5.2
1613,NZL,2017-Q1,4.9
1614,NZL,2017-Q2,4.8
1615,NZL,2017-Q3,4.7
1616,NZL,2017-Q4,4.5
1617,NZL,2018-Q1,4.3
1618,NZL,2018-Q2,4.5
1619,NZL,2018-Q3,4.0
1620,NZL,2018-Q4,4.3
1621,NZL,2019-Q1,4.1
1622,NZL,2019-Q2,4.0
1623,NZL,2019-Q3,4.1
1624,NZL,2019-Q4,4.1
1625,NZL,2020-Q1,4.2
1626,NZL,2020-Q2,4.0
1627,NOR,2000-Q1,3.3666669999999996
1628,NOR,2000-Q2,3.066667
1629,NOR,2000-Q3,3.233333
1630,NOR,2000-Q4,3.3
1631,NOR,2001-Q1,3.333333
1632,NOR,2001-Q2,3.266667
1633,NOR,2001-Q3,3.4666669999999997
1634,NOR,2001-Q4,3.6333330000000004
1635,NOR,2002-Q1,3.7
1636,NOR,2002-Q2,3.666667
1637,NOR,2002-Q3,3.566667
1638,NOR,2002-Q4,3.8
1639,NOR,2003-Q1,3.9666669999999997
1640,NOR,2003-Q2,4.233333
1641,NOR,2003-Q3,4.366667
1642,NOR,2003-Q4,4.3333330000000005
1643,NOR,2004-Q1,4.1666669999999995
1644,NOR,2004-Q2,4.233333
1645,NOR,2004-Q3,4.366667
1646,NOR,2004-Q4,4.4
1647,NOR,2005-Q1,4.5
1648,NOR,2005-Q2,4.6
1649,NOR,2005-Q3,4.6
1650,NOR,2005-Q4,4.4
1651,NOR,2006-Q1,3.9
1652,NOR,2006-Q2,3.6333330000000004
1653,NOR,2006-Q3,3.3
1654,NOR,2006-Q4,2.8666669999999996
1655,NOR,2007-Q1,2.7
1656,NOR,2007-Q2,2.5
1657,NOR,2007-Q3,2.5333330000000003
1658,NOR,2007-Q4,2.4666669999999997
1659,NOR,2008-Q1,2.4666669999999997
1660,NOR,2008-Q2,2.566667
1661,NOR,2008-Q3,2.833333
1662,NOR,2008-Q4,3.066667
1663,NOR,2009-Q1,3.066667
1664,NOR,2009-Q2,3.266667
1665,NOR,2009-Q3,3.3
1666,NOR,2009-Q4,3.5
1667,NOR,2010-Q1,3.766667
1668,NOR,2010-Q2,3.8666669999999996
1669,NOR,2010-Q3,3.7
1670,NOR,2010-Q4,3.6
1671,NOR,2011-Q1,3.3
1672,NOR,2011-Q2,3.4
1673,NOR,2011-Q3,3.433333
1674,NOR,2011-Q4,3.5
1675,NOR,2012-Q1,3.266667
1676,NOR,2012-Q2,3.166667
1677,NOR,2012-Q3,3.233333
1678,NOR,2012-Q4,3.5
1679,NOR,2013-Q1,3.733333
1680,NOR,2013-Q2,3.7
1681,NOR,2013-Q3,3.766667
1682,NOR,2013-Q4,3.833333
1683,NOR,2014-Q1,3.5333330000000003
1684,NOR,2014-Q2,3.4
1685,NOR,2014-Q3,3.733333
1686,NOR,2014-Q4,3.8666669999999996
1687,NOR,2015-Q1,4.266667
1688,NOR,2015-Q2,4.5
1689,NOR,2015-Q3,4.566667
1690,NOR,2015-Q4,4.7
1691,NOR,2016-Q1,5.033333
1692,NOR,2016-Q2,4.8
1693,NOR,2016-Q3,4.766667
1694,NOR,2016-Q4,4.433333
1695,NOR,2017-Q1,4.3
1696,NOR,2017-Q2,4.433333
1697,NOR,2017-Q3,4.1
1698,NOR,2017-Q4,3.9666669999999997
1699,NOR,2018-Q1,3.933333
1700,NOR,2018-Q2,3.8666669999999996
1701,NOR,2018-Q3,3.933333
1702,NOR,2018-Q4,3.766667
1703,NOR,2019-Q1,3.733333
1704,NOR,2019-Q2,3.433333
1705,NOR,2019-Q3,3.8
1706,NOR,2019-Q4,3.8666669999999996
1707,NOR,2020-Q1,3.6
1708,NOR,2020-Q2,4.633333
1709,POL,2000-Q1,15.8
1710,POL,2000-Q2,16.2
1711,POL,2000-Q3,15.96667
1712,POL,2000-Q4,16.5
1713,POL,2001-Q1,17.4
1714,POL,2001-Q2,18.33333
1715,POL,2001-Q3,18.46667
1716,POL,2001-Q4,19.03333
1717,POL,2002-Q1,19.46667
1718,POL,2002-Q2,19.96667
1719,POL,2002-Q3,20.46667
1720,POL,2002-Q4,20.26667
1721,POL,2003-Q1,19.76667
1722,POL,2003-Q2,19.566670000000002
1723,POL,2003-Q3,19.933329999999998
1724,POL,2003-Q4,19.76667
1725,POL,2004-Q1,19.9
1726,POL,2004-Q2,19.33333
1727,POL,2004-Q3,18.866670000000003
1728,POL,2004-Q4,18.433329999999998
1729,POL,2005-Q1,18.2
1730,POL,2005-Q2,18.4
1731,POL,2005-Q3,18.0
1732,POL,2005-Q4,17.066670000000002
1733,POL,2006-Q1,15.5
1734,POL,2006-Q2,14.366670000000001
1735,POL,2006-Q3,13.5
1736,POL,2006-Q4,12.4
1737,POL,2007-Q1,10.76667
1738,POL,2007-Q2,9.733334
1739,POL,2007-Q3,9.3
1740,POL,2007-Q4,8.633333
1741,POL,2008-Q1,7.533333
1742,POL,2008-Q2,7.133333
1743,POL,2008-Q3,6.8
1744,POL,2008-Q4,6.8
1745,POL,2009-Q1,7.6666669999999995
1746,POL,2009-Q2,7.933333
1747,POL,2009-Q3,8.3
1748,POL,2009-Q4,8.666667
1749,POL,2010-Q1,9.9
1750,POL,2010-Q2,9.666667
1751,POL,2010-Q3,9.5
1752,POL,2010-Q4,9.533334
1753,POL,2011-Q1,9.366667
1754,POL,2011-Q2,9.6
1755,POL,2011-Q3,9.733334
1756,POL,2011-Q4,9.9
1757,POL,2012-Q1,9.9
1758,POL,2012-Q2,10.1
1759,POL,2012-Q3,10.26667
1760,POL,2012-Q4,10.26667
1761,POL,2013-Q1,10.6
1762,POL,2013-Q2,10.6
1763,POL,2013-Q3,10.23333
1764,POL,2013-Q4,9.9
1765,POL,2014-Q1,9.933333
1766,POL,2014-Q2,9.3
1767,POL,2014-Q3,8.5
1768,POL,2014-Q4,8.266666
1769,POL,2015-Q1,8.066667
1770,POL,2015-Q2,7.566667
1771,POL,2015-Q3,7.3
1772,POL,2015-Q4,7.0
1773,POL,2016-Q1,6.6
1774,POL,2016-Q2,6.3333330000000005
1775,POL,2016-Q3,6.1
1776,POL,2016-Q4,5.6
1777,POL,2017-Q1,5.1
1778,POL,2017-Q2,5.066667
1779,POL,2017-Q3,4.8333330000000005
1780,POL,2017-Q4,4.466667
1781,POL,2018-Q1,3.933333
1782,POL,2018-Q2,3.733333
1783,POL,2018-Q3,3.9
1784,POL,2018-Q4,3.8
1785,POL,2019-Q1,3.733333
1786,POL,2019-Q2,3.333333
1787,POL,2019-Q3,3.1333330000000004
1788,POL,2019-Q4,2.933333
1789,POL,2020-Q1,3.0
1790,POL,2020-Q2,3.233333
1791,PRT,2000-Q1,5.3
1792,PRT,2000-Q2,5.066667
1793,PRT,2000-Q3,5.1
1794,PRT,2000-Q4,4.866667
1795,PRT,2001-Q1,5.033333
1796,PRT,2001-Q2,5.2
1797,PRT,2001-Q3,5.1666669999999995
1798,PRT,2001-Q4,5.1
1799,PRT,2002-Q1,5.366667
1800,PRT,2002-Q2,5.866667
1801,PRT,2002-Q3,6.3333330000000005
1802,PRT,2002-Q4,7.066667
1803,PRT,2003-Q1,7.266667
1804,PRT,2003-Q2,7.466667
1805,PRT,2003-Q3,7.4
1806,PRT,2003-Q4,7.466667
1807,PRT,2004-Q1,7.266667
1808,PRT,2004-Q2,7.6666669999999995
1809,PRT,2004-Q3,8.0
1810,PRT,2004-Q4,8.166667
1811,PRT,2005-Q1,8.4
1812,PRT,2005-Q2,8.7
1813,PRT,2005-Q3,9.033334
1814,PRT,2005-Q4,8.966666
1815,PRT,2006-Q1,8.7
1816,PRT,2006-Q2,8.7
1817,PRT,2006-Q3,8.9
1818,PRT,2006-Q4,9.266666
1819,PRT,2007-Q1,9.266666
1820,PRT,2007-Q2,9.3
1821,PRT,2007-Q3,9.066667
1822,PRT,2007-Q4,8.866667
1823,PRT,2008-Q1,8.566667
1824,PRT,2008-Q2,8.633333
1825,PRT,2008-Q3,8.866667
1826,PRT,2008-Q4,9.0
1827,PRT,2009-Q1,9.733334
1828,PRT,2009-Q2,10.53333
1829,PRT,2009-Q3,11.16667
1830,PRT,2009-Q4,11.26667
1831,PRT,2010-Q1,11.43333
1832,PRT,2010-Q2,12.13333
1833,PRT,2010-Q3,12.36667
1834,PRT,2010-Q4,12.16667
1835,PRT,2011-Q1,12.26667
1836,PRT,2011-Q2,12.43333
1837,PRT,2011-Q3,12.86667
1838,PRT,2011-Q4,13.96667
1839,PRT,2012-Q1,14.633329999999999
1840,PRT,2012-Q2,15.433329999999998
1841,PRT,2012-Q3,16.066670000000002
1842,PRT,2012-Q4,17.0
1843,PRT,2013-Q1,17.3
1844,PRT,2013-Q2,16.866670000000003
1845,PRT,2013-Q3,16.2
1846,PRT,2013-Q4,15.333329999999998
1847,PRT,2014-Q1,14.8
1848,PRT,2014-Q2,14.46667
1849,PRT,2014-Q3,13.733329999999999
1850,PRT,2014-Q4,13.53333
1851,PRT,2015-Q1,13.366670000000001
1852,PRT,2015-Q2,12.53333
1853,PRT,2015-Q3,12.4
1854,PRT,2015-Q4,12.23333
1855,PRT,2016-Q1,12.0
1856,PRT,2016-Q2,11.33333
1857,PRT,2016-Q3,10.93333
1858,PRT,2016-Q4,10.43333
1859,PRT,2017-Q1,9.833333
1860,PRT,2017-Q2,9.3
1861,PRT,2017-Q3,8.8
1862,PRT,2017-Q4,8.133333
1863,PRT,2018-Q1,7.6
1864,PRT,2018-Q2,7.033333
1865,PRT,2018-Q3,6.8333330000000005
1866,PRT,2018-Q4,6.633333
1867,PRT,2019-Q1,6.5
1868,PRT,2019-Q2,6.6
1869,PRT,2019-Q3,6.466667
1870,PRT,2019-Q4,6.633333
1871,PRT,2020-Q1,6.466667
1872,PRT,2020-Q2,6.5
1873,SVK,2000-Q1,18.5
1874,SVK,2000-Q2,19.16667
1875,SVK,2000-Q3,18.96667
1876,SVK,2000-Q4,18.96667
1877,SVK,2001-Q1,19.366670000000003
1878,SVK,2001-Q2,19.53333
1879,SVK,2001-Q3,19.46667
1880,SVK,2001-Q4,19.46667
1881,SVK,2002-Q1,19.0
1882,SVK,2002-Q2,18.933329999999998
1883,SVK,2002-Q3,18.76667
1884,SVK,2002-Q4,18.6
1885,SVK,2003-Q1,18.0
1886,SVK,2003-Q2,17.33333
1887,SVK,2003-Q3,17.5
1888,SVK,2003-Q4,17.96667
1889,SVK,2004-Q1,18.9
1890,SVK,2004-Q2,18.8
1891,SVK,2004-Q3,18.03333
1892,SVK,2004-Q4,17.7
1893,SVK,2005-Q1,17.133329999999997
1894,SVK,2005-Q2,16.53333
1895,SVK,2005-Q3,16.066670000000002
1896,SVK,2005-Q4,15.7
1897,SVK,2006-Q1,14.633329999999999
1898,SVK,2006-Q2,13.7
1899,SVK,2006-Q3,13.06667
1900,SVK,2006-Q4,12.36667
1901,SVK,2007-Q1,11.43333
1902,SVK,2007-Q2,11.33333
1903,SVK,2007-Q3,11.43333
1904,SVK,2007-Q4,10.66667
1905,SVK,2008-Q1,10.3
1906,SVK,2008-Q2,10.1
1907,SVK,2008-Q3,9.066667
1908,SVK,2008-Q4,8.9
1909,SVK,2009-Q1,10.16667
1910,SVK,2009-Q2,11.4
1911,SVK,2009-Q3,12.73333
1912,SVK,2009-Q4,14.066670000000002
1913,SVK,2010-Q1,14.933329999999998
1914,SVK,2010-Q2,14.7
1915,SVK,2010-Q3,14.366670000000001
1916,SVK,2010-Q4,13.933329999999998
1917,SVK,2011-Q1,13.766670000000001
1918,SVK,2011-Q2,13.6
1919,SVK,2011-Q3,13.53333
1920,SVK,2011-Q4,13.8
1921,SVK,2012-Q1,13.866670000000001
1922,SVK,2012-Q2,13.9
1923,SVK,2012-Q3,13.933329999999998
1924,SVK,2012-Q4,14.2
1925,SVK,2013-Q1,14.366670000000001
1926,SVK,2013-Q2,14.4
1927,SVK,2013-Q3,14.2
1928,SVK,2013-Q4,14.066670000000002
1929,SVK,2014-Q1,13.8
1930,SVK,2014-Q2,13.46667
1931,SVK,2014-Q3,12.96667
1932,SVK,2014-Q4,12.5
1933,SVK,2015-Q1,12.2
1934,SVK,2015-Q2,11.6
1935,SVK,2015-Q3,11.3
1936,SVK,2015-Q4,10.83333
1937,SVK,2016-Q1,10.33333
1938,SVK,2016-Q2,9.866667
1939,SVK,2016-Q3,9.5
1940,SVK,2016-Q4,9.033334
1941,SVK,2017-Q1,8.633333
1942,SVK,2017-Q2,8.3
1943,SVK,2017-Q3,7.9
1944,SVK,2017-Q4,7.6
1945,SVK,2018-Q1,7.133333
1946,SVK,2018-Q2,6.7
1947,SVK,2018-Q3,6.3333330000000005
1948,SVK,2018-Q4,6.0
1949,SVK,2019-Q1,5.866667
1950,SVK,2019-Q2,5.766667
1951,SVK,2019-Q3,5.766667
1952,SVK,2019-Q4,5.633333
1953,SVK,2020-Q1,6.0
1954,SVK,2020-Q2,6.5
1955,ESP,2000-Q1,12.46667
1956,ESP,2000-Q2,11.93333
1957,ESP,2000-Q3,11.8
1958,ESP,2000-Q4,11.46667
1959,ESP,2001-Q1,10.66667
1960,ESP,2001-Q2,10.5
1961,ESP,2001-Q3,10.53333
1962,ESP,2001-Q4,10.6
1963,ESP,2002-Q1,11.26667
1964,ESP,2002-Q2,11.26667
1965,ESP,2002-Q3,11.73333
1966,ESP,2002-Q4,11.6
1967,ESP,2003-Q1,11.66667
1968,ESP,2003-Q2,11.4
1969,ESP,2003-Q3,11.53333
1970,ESP,2003-Q4,11.36667
1971,ESP,2004-Q1,11.2
1972,ESP,2004-Q2,11.2
1973,ESP,2004-Q3,10.96667
1974,ESP,2004-Q4,10.53333
1975,ESP,2005-Q1,9.9
1976,ESP,2005-Q2,9.4
1977,ESP,2005-Q3,8.633333
1978,ESP,2005-Q4,8.7
1979,ESP,2006-Q1,8.733334
1980,ESP,2006-Q2,8.5
1981,ESP,2006-Q3,8.266666
1982,ESP,2006-Q4,8.266666
1983,ESP,2007-Q1,8.2
1984,ESP,2007-Q2,7.966667
1985,ESP,2007-Q3,8.233334
1986,ESP,2007-Q4,8.6
1987,ESP,2008-Q1,9.3
1988,ESP,2008-Q2,10.4
1989,ESP,2008-Q3,11.53333
1990,ESP,2008-Q4,13.833329999999998
1991,ESP,2009-Q1,16.73333
1992,ESP,2009-Q2,17.866670000000003
1993,ESP,2009-Q3,18.2
1994,ESP,2009-Q4,18.73333
1995,ESP,2010-Q1,19.33333
1996,ESP,2010-Q2,19.96667
1997,ESP,2010-Q3,20.0
1998,ESP,2010-Q4,20.2
1999,ESP,2011-Q1,20.5
2000,ESP,2011-Q2,20.76667
2001,ESP,2011-Q3,21.73333
2002,ESP,2011-Q4,22.633329999999997
2003,ESP,2012-Q1,23.53333
2004,ESP,2012-Q2,24.6
2005,ESP,2012-Q3,25.3
2006,ESP,2012-Q4,25.83333
2007,ESP,2013-Q1,26.23333
2008,ESP,2013-Q2,26.23333
2009,ESP,2013-Q3,26.2
2010,ESP,2013-Q4,25.76667
2011,ESP,2014-Q1,25.26667
2012,ESP,2014-Q2,24.6
2013,ESP,2014-Q3,24.2
2014,ESP,2014-Q4,23.76667
2015,ESP,2015-Q1,23.133329999999997
2016,ESP,2015-Q2,22.5
2017,ESP,2015-Q3,21.66667
2018,ESP,2015-Q4,20.96667
2019,ESP,2016-Q1,20.366670000000003
2020,ESP,2016-Q2,20.1
2021,ESP,2016-Q3,19.33333
2022,ESP,2016-Q4,18.7
2023,ESP,2017-Q1,18.16667
2024,ESP,2017-Q2,17.366670000000003
2025,ESP,2017-Q3,16.8
2026,ESP,2017-Q4,16.6
2027,ESP,2018-Q1,16.16667
2028,ESP,2018-Q2,15.433329999999998
2029,ESP,2018-Q3,14.9
2030,ESP,2018-Q4,14.5
2031,ESP,2019-Q1,14.233329999999999
2032,ESP,2019-Q2,14.2
2033,ESP,2019-Q3,14.233329999999999
2034,ESP,2019-Q4,13.833329999999998
2035,ESP,2020-Q1,13.96667
2036,ESP,2020-Q2,15.5
2037,SWE,2000-Q1,6.066667
2038,SWE,2000-Q2,5.766667
2039,SWE,2000-Q3,5.433333
2040,SWE,2000-Q4,5.1
2041,SWE,2001-Q1,5.9
2042,SWE,2001-Q2,5.7
2043,SWE,2001-Q3,5.8333330000000005
2044,SWE,2001-Q4,5.966667
2045,SWE,2002-Q1,5.8
2046,SWE,2002-Q2,5.8
2047,SWE,2002-Q3,6.066667
2048,SWE,2002-Q4,6.1666669999999995
2049,SWE,2003-Q1,6.233333
2050,SWE,2003-Q2,6.3333330000000005
2051,SWE,2003-Q3,6.633333
2052,SWE,2003-Q4,7.066667
2053,SWE,2004-Q1,7.3333330000000005
2054,SWE,2004-Q2,7.366667
2055,SWE,2004-Q3,7.433333
2056,SWE,2004-Q4,7.366667
2057,SWE,2005-Q1,7.366667
2058,SWE,2005-Q2,7.9
2059,SWE,2005-Q3,7.766667
2060,SWE,2005-Q4,7.633333
2061,SWE,2006-Q1,7.466667
2062,SWE,2006-Q2,7.3333330000000005
2063,SWE,2006-Q3,6.9
2064,SWE,2006-Q4,6.533333
2065,SWE,2007-Q1,6.433333
2066,SWE,2007-Q2,6.066667
2067,SWE,2007-Q3,5.966667
2068,SWE,2007-Q4,6.066667
2069,SWE,2008-Q1,5.866667
2070,SWE,2008-Q2,6.0
2071,SWE,2008-Q3,6.1666669999999995
2072,SWE,2008-Q4,6.7
2073,SWE,2009-Q1,7.433333
2074,SWE,2009-Q2,8.366667
2075,SWE,2009-Q3,8.666667
2076,SWE,2009-Q4,8.8
2077,SWE,2010-Q1,8.933333
2078,SWE,2010-Q2,8.766666
2079,SWE,2010-Q3,8.5
2080,SWE,2010-Q4,8.1
2081,SWE,2011-Q1,7.9
2082,SWE,2011-Q2,7.8
2083,SWE,2011-Q3,7.633333
2084,SWE,2011-Q4,7.766667
2085,SWE,2012-Q1,7.733333
2086,SWE,2012-Q2,7.866667
2087,SWE,2012-Q3,8.1
2088,SWE,2012-Q4,8.166667
2089,SWE,2013-Q1,8.066667
2090,SWE,2013-Q2,8.033334
2091,SWE,2013-Q3,8.0
2092,SWE,2013-Q4,7.966667
2093,SWE,2014-Q1,8.066667
2094,SWE,2014-Q2,7.933333
2095,SWE,2014-Q3,7.866667
2096,SWE,2014-Q4,7.8
2097,SWE,2015-Q1,7.733333
2098,SWE,2015-Q2,7.633333
2099,SWE,2015-Q3,7.1
2100,SWE,2015-Q4,7.1
2101,SWE,2016-Q1,7.133333
2102,SWE,2016-Q2,6.9
2103,SWE,2016-Q3,6.866667
2104,SWE,2016-Q4,6.866667
2105,SWE,2017-Q1,6.7
2106,SWE,2017-Q2,6.733333
2107,SWE,2017-Q3,6.7
2108,SWE,2017-Q4,6.533333
2109,SWE,2018-Q1,6.133333
2110,SWE,2018-Q2,6.3
2111,SWE,2018-Q3,6.4
2112,SWE,2018-Q4,6.4
2113,SWE,2019-Q1,6.733333
2114,SWE,2019-Q2,6.533333
2115,SWE,2019-Q3,6.966667
2116,SWE,2019-Q4,6.866667
2117,SWE,2020-Q1,7.2
2118,SWE,2020-Q2,8.533334
2119,CHE,2000-Q2,2.664994
2120,CHE,2001-Q2,2.490901
2121,CHE,2002-Q2,2.92339
2122,CHE,2003-Q2,4.1155550000000005
2123,CHE,2004-Q2,4.316408
2124,CHE,2005-Q2,4.436162
2125,CHE,2006-Q2,3.9998099999999996
2126,CHE,2007-Q2,3.650983
2127,CHE,2008-Q2,3.3505510000000003
2128,CHE,2009-Q2,4.115744
2129,CHE,2010-Q1,5.042059
2130,CHE,2010-Q2,4.9506120000000005
2131,CHE,2010-Q3,4.776166
2132,CHE,2010-Q4,4.444
2133,CHE,2011-Q1,4.381019
2134,CHE,2011-Q2,4.178884
2135,CHE,2011-Q3,4.461938
2136,CHE,2011-Q4,4.586876999999999
2137,CHE,2012-Q1,4.232762
2138,CHE,2012-Q2,4.32444
2139,CHE,2012-Q3,4.504085
2140,CHE,2012-Q4,4.874351
2141,CHE,2013-Q1,4.792919
2142,CHE,2013-Q2,4.822156
2143,CHE,2013-Q3,4.736925
2144,CHE,2013-Q4,4.636983
2145,CHE,2014-Q1,4.967164
2146,CHE,2014-Q2,4.974679
2147,CHE,2014-Q3,4.891374
2148,CHE,2014-Q4,4.477668
2149,CHE,2015-Q1,4.401793
2150,CHE,2015-Q2,4.727315
2151,CHE,2015-Q3,4.985295
2152,CHE,2015-Q4,5.085412
2153,CHE,2016-Q1,4.97717
2154,CHE,2016-Q2,4.934945
2155,CHE,2016-Q3,4.953367
2156,CHE,2016-Q4,4.806677
2157,CHE,2017-Q1,4.918076
2158,CHE,2017-Q2,4.694241000000001
2159,CHE,2017-Q3,4.834247
2160,CHE,2017-Q4,4.741162
2161,CHE,2018-Q1,4.8766050000000005
2162,CHE,2018-Q2,4.919204
2163,CHE,2018-Q3,4.271272
2164,CHE,2018-Q4,4.785225
2165,CHE,2019-Q1,4.624613
2166,CHE,2019-Q2,4.454711
2167,CHE,2019-Q3,4.426384
2168,CHE,2019-Q4,4.072736
2169,CHE,2020-Q1,4.208988
2170,CHE,2020-Q2,4.902433
2171,TUR,2005-Q1,9.233334
2172,TUR,2005-Q2,9.6
2173,TUR,2005-Q3,9.5
2174,TUR,2005-Q4,9.7
2175,TUR,2006-Q1,9.5
2176,TUR,2006-Q2,9.033334
2177,TUR,2006-Q3,8.933333
2178,TUR,2006-Q4,8.766666
2179,TUR,2007-Q1,8.9
2180,TUR,2007-Q2,9.2
2181,TUR,2007-Q3,9.2
2182,TUR,2007-Q4,9.4
2183,TUR,2008-Q1,9.4
2184,TUR,2008-Q2,9.333333
2185,TUR,2008-Q3,9.966666
2186,TUR,2008-Q4,11.36667
2187,TUR,2009-Q1,13.1
2188,TUR,2009-Q2,13.733329999999999
2189,TUR,2009-Q3,13.06667
2190,TUR,2009-Q4,12.23333
2191,TUR,2010-Q1,12.06667
2192,TUR,2010-Q2,11.2
2193,TUR,2010-Q3,10.86667
2194,TUR,2010-Q4,10.33333
2195,TUR,2011-Q1,9.666667
2196,TUR,2011-Q2,9.533334
2197,TUR,2011-Q3,8.8
2198,TUR,2011-Q4,8.466666
2199,TUR,2012-Q1,8.533334
2200,TUR,2012-Q2,8.266666
2201,TUR,2012-Q3,8.233334
2202,TUR,2012-Q4,8.6
2203,TUR,2013-Q1,8.866667
2204,TUR,2013-Q2,9.0
2205,TUR,2013-Q3,9.2
2206,TUR,2013-Q4,9.133333
2207,TUR,2014-Q1,9.266666
2208,TUR,2014-Q2,9.633333
2209,TUR,2014-Q3,10.3
2210,TUR,2014-Q4,10.5
2211,TUR,2015-Q1,10.3
2212,TUR,2015-Q2,10.3
2213,TUR,2015-Q3,10.23333
2214,TUR,2015-Q4,10.36667
2215,TUR,2016-Q1,9.966666
2216,TUR,2016-Q2,10.4
2217,TUR,2016-Q3,11.3
2218,TUR,2016-Q4,11.9
2219,TUR,2017-Q1,11.66667
2220,TUR,2017-Q2,11.06667
2221,TUR,2017-Q3,10.73333
2222,TUR,2017-Q4,10.16667
2223,TUR,2018-Q1,9.866667
2224,TUR,2018-Q2,10.6
2225,TUR,2018-Q3,11.26667
2226,TUR,2018-Q4,12.26667
2227,TUR,2019-Q1,13.6
2228,TUR,2019-Q2,13.866670000000001
2229,TUR,2019-Q3,14.066670000000002
2230,TUR,2019-Q4,13.3
2231,TUR,2020-Q1,12.7
2232,GBR,2000-Q1,5.6666669999999995
2233,GBR,2000-Q2,5.466667
2234,GBR,2000-Q3,5.266667
2235,GBR,2000-Q4,5.133333
2236,GBR,2001-Q1,4.966667
2237,GBR,2001-Q2,4.866667
2238,GBR,2001-Q3,5.033333
2239,GBR,2001-Q4,5.066667
2240,GBR,2002-Q1,5.1
2241,GBR,2002-Q2,5.133333
2242,GBR,2002-Q3,5.2
2243,GBR,2002-Q4,5.066667
2244,GBR,2003-Q1,5.066667
2245,GBR,2003-Q2,4.933333
2246,GBR,2003-Q3,4.966667
2247,GBR,2003-Q4,4.866667
2248,GBR,2004-Q1,4.7
2249,GBR,2004-Q2,4.7
2250,GBR,2004-Q3,4.6
2251,GBR,2004-Q4,4.7
2252,GBR,2005-Q1,4.633333
2253,GBR,2005-Q2,4.6666669999999995
2254,GBR,2005-Q3,4.7
2255,GBR,2005-Q4,5.1
2256,GBR,2006-Q1,5.2
2257,GBR,2006-Q2,5.4
2258,GBR,2006-Q3,5.4
2259,GBR,2006-Q4,5.4
2260,GBR,2007-Q1,5.5
2261,GBR,2007-Q2,5.3
2262,GBR,2007-Q3,5.266667
2263,GBR,2007-Q4,5.033333
2264,GBR,2008-Q1,5.133333
2265,GBR,2008-Q2,5.266667
2266,GBR,2008-Q3,5.8
2267,GBR,2008-Q4,6.3
2268,GBR,2009-Q1,7.033333
2269,GBR,2009-Q2,7.733333
2270,GBR,2009-Q3,7.766667
2271,GBR,2009-Q4,7.7
2272,GBR,2010-Q1,7.933333
2273,GBR,2010-Q2,7.8
2274,GBR,2010-Q3,7.633333
2275,GBR,2010-Q4,7.8333330000000005
2276,GBR,2011-Q1,7.733333
2277,GBR,2011-Q2,7.966667
2278,GBR,2011-Q3,8.2
2279,GBR,2011-Q4,8.366667
2280,GBR,2012-Q1,8.2
2281,GBR,2012-Q2,7.933333
2282,GBR,2012-Q3,7.733333
2283,GBR,2012-Q4,7.8
2284,GBR,2013-Q1,7.8
2285,GBR,2013-Q2,7.766667
2286,GBR,2013-Q3,7.533333
2287,GBR,2013-Q4,7.133333
2288,GBR,2014-Q1,6.7
2289,GBR,2014-Q2,6.266667
2290,GBR,2014-Q3,5.933333
2291,GBR,2014-Q4,5.6666669999999995
2292,GBR,2015-Q1,5.466667
2293,GBR,2015-Q2,5.566667
2294,GBR,2015-Q3,5.3
2295,GBR,2015-Q4,5.0
2296,GBR,2016-Q1,4.966667
2297,GBR,2016-Q2,4.9
2298,GBR,2016-Q3,4.766667
2299,GBR,2016-Q4,4.6666669999999995
2300,GBR,2017-Q1,4.533333
2301,GBR,2017-Q2,4.366667
2302,GBR,2017-Q3,4.233333
2303,GBR,2017-Q4,4.233333
2304,GBR,2018-Q1,4.2
2305,GBR,2018-Q2,3.9666669999999997
2306,GBR,2018-Q3,4.0
2307,GBR,2018-Q4,3.9
2308,GBR,2019-Q1,3.733333
2309,GBR,2019-Q2,3.766667
2310,GBR,2019-Q3,3.766667
2311,GBR,2019-Q4,3.7
2312,GBR,2020-Q1,3.8666669999999996
2313,USA,2000-Q1,4.033333
2314,USA,2000-Q2,3.933333
2315,USA,2000-Q3,4.0
2316,USA,2000-Q4,3.9
2317,USA,2001-Q1,4.233333
2318,USA,2001-Q2,4.4
2319,USA,2001-Q3,4.8333330000000005
2320,USA,2001-Q4,5.5
2321,USA,2002-Q1,5.7
2322,USA,2002-Q2,5.8333330000000005
2323,USA,2002-Q3,5.733333
2324,USA,2002-Q4,5.866667
2325,USA,2003-Q1,5.866667
2326,USA,2003-Q2,6.133333
2327,USA,2003-Q3,6.133333
2328,USA,2003-Q4,5.8333330000000005
2329,USA,2004-Q1,5.7
2330,USA,2004-Q2,5.6
2331,USA,2004-Q3,5.433333
2332,USA,2004-Q4,5.433333
2333,USA,2005-Q1,5.3
2334,USA,2005-Q2,5.1
2335,USA,2005-Q3,4.966667
2336,USA,2005-Q4,4.966667
2337,USA,2006-Q1,4.733333
2338,USA,2006-Q2,4.633333
2339,USA,2006-Q3,4.633333
2340,USA,2006-Q4,4.433333
2341,USA,2007-Q1,4.5
2342,USA,2007-Q2,4.5
2343,USA,2007-Q3,4.6666669999999995
2344,USA,2007-Q4,4.8
2345,USA,2008-Q1,5.0
2346,USA,2008-Q2,5.3333330000000005
2347,USA,2008-Q3,6.0
2348,USA,2008-Q4,6.866667
2349,USA,2009-Q1,8.266666
2350,USA,2009-Q2,9.3
2351,USA,2009-Q3,9.633333
2352,USA,2009-Q4,9.933333
2353,USA,2010-Q1,9.833333
2354,USA,2010-Q2,9.633333
2355,USA,2010-Q3,9.466666
2356,USA,2010-Q4,9.5
2357,USA,2011-Q1,9.033334
2358,USA,2011-Q2,9.066667
2359,USA,2011-Q3,9.0
2360,USA,2011-Q4,8.633333
2361,USA,2012-Q1,8.266666
2362,USA,2012-Q2,8.2
2363,USA,2012-Q3,8.033334
2364,USA,2012-Q4,7.8
2365,USA,2013-Q1,7.733333
2366,USA,2013-Q2,7.533333
2367,USA,2013-Q3,7.233333
2368,USA,2013-Q4,6.933333
2369,USA,2014-Q1,6.6666669999999995
2370,USA,2014-Q2,6.2
2371,USA,2014-Q3,6.066667
2372,USA,2014-Q4,5.7
2373,USA,2015-Q1,5.533333
2374,USA,2015-Q2,5.433333
2375,USA,2015-Q3,5.1
2376,USA,2015-Q4,5.033333
2377,USA,2016-Q1,4.933333
2378,USA,2016-Q2,4.9
2379,USA,2016-Q3,4.9
2380,USA,2016-Q4,4.766667
2381,USA,2017-Q1,4.566667
2382,USA,2017-Q2,4.366667
2383,USA,2017-Q3,4.3
2384,USA,2017-Q4,4.133333
2385,USA,2018-Q1,4.066667
2386,USA,2018-Q2,3.933333
2387,USA,2018-Q3,3.766667
2388,USA,2018-Q4,3.8
2389,USA,2019-Q1,3.8666669999999996
2390,USA,2019-Q2,3.6333330000000004
2391,USA,2019-Q3,3.6333330000000004
2392,USA,2019-Q4,3.5333330000000003
2393,USA,2020-Q1,3.833333
2394,USA,2020-Q2,13.03333
2395,CHL,2000-Q1,9.028514999999999
2396,CHL,2000-Q2,9.396316
2397,CHL,2000-Q3,10.509030000000001
2398,CHL,2000-Q4,9.729014
2399,CHL,2001-Q1,9.952691999999999
2400,CHL,2001-Q2,9.885633
2401,CHL,2001-Q3,10.09481
2402,CHL,2001-Q4,9.469355
2403,CHL,2002-Q1,10.01854
2404,CHL,2002-Q2,9.785223
2405,CHL,2002-Q3,9.867806
2406,CHL,2002-Q4,9.53472
2407,CHL,2003-Q1,9.575031
2408,CHL,2003-Q2,9.579971
2409,CHL,2003-Q3,9.71454
2410,CHL,2003-Q4,9.284056
2411,CHL,2004-Q1,9.524089
2412,CHL,2004-Q2,10.380289999999999
2413,CHL,2004-Q3,10.39517
2414,CHL,2004-Q4,9.745957
2415,CHL,2005-Q1,9.356760000000001
2416,CHL,2005-Q2,9.598732
2417,CHL,2005-Q3,9.25474
2418,CHL,2005-Q4,8.724255
2419,CHL,2006-Q1,8.577335
2420,CHL,2006-Q2,8.510394
2421,CHL,2006-Q3,7.496434
2422,CHL,2006-Q4,6.601682
2423,CHL,2007-Q1,6.866183
2424,CHL,2007-Q2,6.520125
2425,CHL,2007-Q3,7.295332000000001
2426,CHL,2007-Q4,7.863632000000001
2427,CHL,2008-Q1,7.647369
2428,CHL,2008-Q2,7.9783990000000005
2429,CHL,2008-Q3,7.4001399999999995
2430,CHL,2008-Q4,8.150007
2431,CHL,2009-Q1,9.328073
2432,CHL,2009-Q2,10.2477
2433,CHL,2009-Q3,9.792377
2434,CHL,2009-Q4,9.371829
2435,CHL,2010-Q1,9.305655
2436,CHL,2010-Q2,8.287371
2437,CHL,2010-Q3,7.798289
2438,CHL,2010-Q4,7.809674
2439,CHL,2011-Q1,7.576903999999999
2440,CHL,2011-Q2,6.917171000000001
2441,CHL,2011-Q3,7.339046000000001
2442,CHL,2011-Q4,7.356291000000001
2443,CHL,2012-Q1,6.793821
2444,CHL,2012-Q2,6.5137220000000005
2445,CHL,2012-Q3,6.354838
2446,CHL,2012-Q4,6.708956
2447,CHL,2013-Q1,6.424546
2448,CHL,2013-Q2,6.010748
2449,CHL,2013-Q3,5.657857
2450,CHL,2013-Q4,6.222957
2451,CHL,2014-Q1,6.5066180000000005
2452,CHL,2014-Q2,6.253968
2453,CHL,2014-Q3,6.534015
2454,CHL,2014-Q4,6.683999000000001
2455,CHL,2015-Q1,6.228532
2456,CHL,2015-Q2,6.411532
2457,CHL,2015-Q3,6.336882
2458,CHL,2015-Q4,6.333416000000001
2459,CHL,2016-Q1,6.494233
2460,CHL,2016-Q2,6.740672999999999
2461,CHL,2016-Q3,6.81693
2462,CHL,2016-Q4,6.686407000000001
2463,CHL,2017-Q1,7.0303119999999995
2464,CHL,2017-Q2,7.024539999999999
2465,CHL,2017-Q3,6.781283999999999
2466,CHL,2017-Q4,7.014597
2467,CHL,2018-Q1,7.343408999999999
2468,CHL,2018-Q2,7.232264999999999
2469,CHL,2018-Q3,7.2547559999999995
2470,CHL,2018-Q4,7.687413
2471,CHL,2019-Q1,7.214689999999999
2472,CHL,2019-Q2,6.980065
2473,CHL,2019-Q3,7.124771000000001
2474,CHL,2019-Q4,7.591836
2475,CHL,2020-Q1,8.186679
2476,CHL,2020-Q2,11.78222
2477,EST,2000-Q1,14.366670000000001
2478,EST,2000-Q2,14.133329999999999
2479,EST,2000-Q3,14.133329999999999
2480,EST,2000-Q4,14.266670000000001
2481,EST,2001-Q1,14.1
2482,EST,2001-Q2,13.566670000000002
2483,EST,2001-Q3,12.8
2484,EST,2001-Q4,11.66667
2485,EST,2002-Q1,11.46667
2486,EST,2002-Q2,10.8
2487,EST,2002-Q3,11.3
2488,EST,2002-Q4,11.73333
2489,EST,2003-Q1,11.23333
2490,EST,2003-Q2,10.96667
2491,EST,2003-Q3,9.9
2492,EST,2003-Q4,9.7
2493,EST,2004-Q1,10.1
2494,EST,2004-Q2,9.733334
2495,EST,2004-Q3,10.2
2496,EST,2004-Q4,9.766666
2497,EST,2005-Q1,9.033334
2498,EST,2005-Q2,8.066667
2499,EST,2005-Q3,7.7
2500,EST,2005-Q4,7.2
2501,EST,2006-Q1,6.366667
2502,EST,2006-Q2,6.2
2503,EST,2006-Q3,5.8
2504,EST,2006-Q4,5.433333
2505,EST,2007-Q1,5.0
2506,EST,2007-Q2,4.8333330000000005
2507,EST,2007-Q3,4.1
2508,EST,2007-Q4,4.033333
2509,EST,2008-Q1,4.3333330000000005
2510,EST,2008-Q2,4.233333
2511,EST,2008-Q3,6.3333330000000005
2512,EST,2008-Q4,8.0
2513,EST,2009-Q1,10.7
2514,EST,2009-Q2,12.8
2515,EST,2009-Q3,14.9
2516,EST,2009-Q4,16.23333
2517,EST,2010-Q1,18.26667
2518,EST,2010-Q2,17.96667
2519,EST,2010-Q3,16.066670000000002
2520,EST,2010-Q4,14.4
2521,EST,2011-Q1,13.733329999999999
2522,EST,2011-Q2,12.83333
2523,EST,2011-Q3,11.53333
2524,EST,2011-Q4,11.46667
2525,EST,2012-Q1,10.76667
2526,EST,2012-Q2,9.966666
2527,EST,2012-Q3,9.766666
2528,EST,2012-Q4,9.433333
2529,EST,2013-Q1,9.366667
2530,EST,2013-Q2,7.933333
2531,EST,2013-Q3,8.2
2532,EST,2013-Q4,8.8
2533,EST,2014-Q1,8.166667
2534,EST,2014-Q2,7.133333
2535,EST,2014-Q3,7.6
2536,EST,2014-Q4,6.6666669999999995
2537,EST,2015-Q1,6.4
2538,EST,2015-Q2,6.4
2539,EST,2015-Q3,5.533333
2540,EST,2015-Q4,6.433333
2541,EST,2016-Q1,6.366667
2542,EST,2016-Q2,6.466667
2543,EST,2016-Q3,7.366667
2544,EST,2016-Q4,6.866667
2545,EST,2017-Q1,5.5
2546,EST,2017-Q2,6.5
2547,EST,2017-Q3,5.733333
2548,EST,2017-Q4,5.466667
2549,EST,2018-Q1,6.233333
2550,EST,2018-Q2,5.033333
2551,EST,2018-Q3,5.466667
2552,EST,2018-Q4,4.6666669999999995
2553,EST,2019-Q1,4.2
2554,EST,2019-Q2,4.866667
2555,EST,2019-Q3,4.2
2556,EST,2019-Q4,4.266667
2557,EST,2020-Q1,4.733333
2558,EST,2020-Q2,7.0
2559,ISR,2000-Q1,8.583014
2560,ISR,2000-Q2,8.730902
2561,ISR,2000-Q3,8.886909
2562,ISR,2000-Q4,8.840213
2563,ISR,2001-Q1,8.610055000000001
2564,ISR,2001-Q2,8.88157
2565,ISR,2001-Q3,9.515460000000001
2566,ISR,2001-Q4,10.1992
2567,ISR,2002-Q1,10.36528
2568,ISR,2002-Q2,10.33716
2569,ISR,2002-Q3,10.27996
2570,ISR,2002-Q4,10.14563
2571,ISR,2003-Q1,10.653030000000001
2572,ISR,2003-Q2,10.32521
2573,ISR,2003-Q3,10.82036
2574,ISR,2003-Q4,10.8832
2575,ISR,2004-Q1,10.9159
2576,ISR,2004-Q2,10.44074
2577,ISR,2004-Q3,10.12025
2578,ISR,2004-Q4,9.746686
2579,ISR,2005-Q1,9.399911
2580,ISR,2005-Q2,9.02829
2581,ISR,2005-Q3,8.807969
2582,ISR,2005-Q4,8.952209
2583,ISR,2006-Q1,8.693213
2584,ISR,2006-Q2,8.640979
2585,ISR,2006-Q3,8.334103
2586,ISR,2006-Q4,7.8227660000000006
2587,ISR,2007-Q1,7.663089
2588,ISR,2007-Q2,7.552183
2589,ISR,2007-Q3,7.181744999999999
2590,ISR,2007-Q4,6.713046
2591,ISR,2008-Q1,6.197748000000001
2592,ISR,2008-Q2,5.995101
2593,ISR,2008-Q3,5.965548
2594,ISR,2008-Q4,6.399819
2595,ISR,2009-Q1,7.469288000000001
2596,ISR,2009-Q2,7.922165
2597,ISR,2009-Q3,7.67085
2598,ISR,2009-Q4,7.204072
2599,ISR,2010-Q1,6.863624000000001
2600,ISR,2010-Q2,6.548932
2601,ISR,2010-Q3,6.644067999999999
2602,ISR,2010-Q4,6.461596
2603,ISR,2011-Q1,5.953878
2604,ISR,2011-Q2,5.463726
2605,ISR,2011-Q3,5.6
2606,ISR,2011-Q4,5.4
2607,ISR,2012-Q1,7.111345
2608,ISR,2012-Q2,6.859685000000001
2609,ISR,2012-Q3,6.711063
2610,ISR,2012-Q4,6.876218
2611,ISR,2013-Q1,6.784074
2612,ISR,2013-Q2,6.541099
2613,ISR,2013-Q3,5.902714
2614,ISR,2013-Q4,5.737779
2615,ISR,2014-Q1,5.807768
2616,ISR,2014-Q2,5.956722
2617,ISR,2014-Q3,6.063034
2618,ISR,2014-Q4,5.691289
2619,ISR,2015-Q1,5.450537000000001
2620,ISR,2015-Q2,5.121045
2621,ISR,2015-Q3,5.223685
2622,ISR,2015-Q4,5.247921
2623,ISR,2016-Q1,5.193948000000001
2624,ISR,2016-Q2,4.823427
2625,ISR,2016-Q3,4.747488
2626,ISR,2016-Q4,4.484141
2627,ISR,2017-Q1,4.456233999999999
2628,ISR,2017-Q2,4.381419999999999
2629,ISR,2017-Q3,4.006787999999999
2630,ISR,2017-Q4,4.050237999999999
2631,ISR,2018-Q1,3.8061339999999997
2632,ISR,2018-Q2,3.969825
2633,ISR,2018-Q3,4.098106
2634,ISR,2018-Q4,4.095922
2635,ISR,2019-Q1,4.102148000000001
2636,ISR,2019-Q2,3.856988
2637,ISR,2019-Q3,3.6014470000000003
2638,ISR,2019-Q4,3.672389
2639,ISR,2020-Q1,3.548344
2640,ISR,2020-Q2,4.166964
2641,SVN,2000-Q1,6.8
2642,SVN,2000-Q2,7.1666669999999995
2643,SVN,2000-Q3,6.8
2644,SVN,2000-Q4,6.233333
2645,SVN,2001-Q1,6.066667
2646,SVN,2001-Q2,5.933333
2647,SVN,2001-Q3,6.066667
2648,SVN,2001-Q4,6.7
2649,SVN,2002-Q1,6.566667
2650,SVN,2002-Q2,6.233333
2651,SVN,2002-Q3,6.233333
2652,SVN,2002-Q4,6.3333330000000005
2653,SVN,2003-Q1,6.6666669999999995
2654,SVN,2003-Q2,6.8
2655,SVN,2003-Q3,6.8
2656,SVN,2003-Q4,6.533333
2657,SVN,2004-Q1,6.5
2658,SVN,2004-Q2,6.3333330000000005
2659,SVN,2004-Q3,6.1666669999999995
2660,SVN,2004-Q4,6.3
2661,SVN,2005-Q1,6.433333
2662,SVN,2005-Q2,6.033333
2663,SVN,2005-Q3,6.566667
2664,SVN,2005-Q4,7.1
2665,SVN,2006-Q1,6.533333
2666,SVN,2006-Q2,6.1666669999999995
2667,SVN,2006-Q3,5.733333
2668,SVN,2006-Q4,5.466667
2669,SVN,2007-Q1,5.266667
2670,SVN,2007-Q2,4.8333330000000005
2671,SVN,2007-Q3,4.6
2672,SVN,2007-Q4,4.6666669999999995
2673,SVN,2008-Q1,4.7
2674,SVN,2008-Q2,4.366667
2675,SVN,2008-Q3,4.266667
2676,SVN,2008-Q4,4.266667
2677,SVN,2009-Q1,4.9
2678,SVN,2009-Q2,5.8
2679,SVN,2009-Q3,6.466667
2680,SVN,2009-Q4,6.433333
2681,SVN,2010-Q1,6.7
2682,SVN,2010-Q2,7.4
2683,SVN,2010-Q3,7.366667
2684,SVN,2010-Q4,7.6666669999999995
2685,SVN,2011-Q1,8.0
2686,SVN,2011-Q2,7.966667
2687,SVN,2011-Q3,8.166667
2688,SVN,2011-Q4,8.666667
2689,SVN,2012-Q1,8.1
2690,SVN,2012-Q2,8.5
2691,SVN,2012-Q3,9.5
2692,SVN,2012-Q4,9.533334
2693,SVN,2013-Q1,10.5
2694,SVN,2013-Q2,10.7
2695,SVN,2013-Q3,9.7
2696,SVN,2013-Q4,9.733334
2697,SVN,2014-Q1,10.2
2698,SVN,2014-Q2,9.566667
2699,SVN,2014-Q3,9.533334
2700,SVN,2014-Q4,9.666667
2701,SVN,2015-Q1,9.233334
2702,SVN,2015-Q2,9.433333
2703,SVN,2015-Q3,8.8
2704,SVN,2015-Q4,8.5
2705,SVN,2016-Q1,8.366667
2706,SVN,2016-Q2,7.966667
2707,SVN,2016-Q3,7.566667
2708,SVN,2016-Q4,8.133333
2709,SVN,2017-Q1,7.3333330000000005
2710,SVN,2017-Q2,6.6666669999999995
2711,SVN,2017-Q3,6.4
2712,SVN,2017-Q4,5.9
2713,SVN,2018-Q1,5.566667
2714,SVN,2018-Q2,5.4
2715,SVN,2018-Q3,5.066667
2716,SVN,2018-Q4,4.466667
2717,SVN,2019-Q1,4.466667
2718,SVN,2019-Q2,4.366667
2719,SVN,2019-Q3,4.8
2720,SVN,2019-Q4,4.1
2721,SVN,2020-Q1,4.233333
2722,SVN,2020-Q2,4.766667
2723,EU28,2000-Q1,9.2
2724,EU28,2000-Q2,9.066667
2725,EU28,2000-Q3,8.933333
2726,EU28,2000-Q4,8.766666
2727,EU28,2001-Q1,8.7
2728,EU28,2001-Q2,8.7
2729,EU28,2001-Q3,8.733334
2730,EU28,2001-Q4,8.866667
2731,EU28,2002-Q1,8.966666
2732,EU28,2002-Q2,9.033334
2733,EU28,2002-Q3,9.1
2734,EU28,2002-Q4,9.1
2735,EU28,2003-Q1,9.133333
2736,EU28,2003-Q2,9.133333
2737,EU28,2003-Q3,9.2
2738,EU28,2003-Q4,9.2
2739,EU28,2004-Q1,9.3
2740,EU28,2004-Q2,9.266666
2741,EU28,2004-Q3,9.2
2742,EU28,2004-Q4,9.166667
2743,EU28,2005-Q1,9.1
2744,EU28,2005-Q2,9.1
2745,EU28,2005-Q3,8.933333
2746,EU28,2005-Q4,8.833333
2747,EU28,2006-Q1,8.6
2748,EU28,2006-Q2,8.333333
2749,EU28,2006-Q3,8.133333
2750,EU28,2006-Q4,7.9
2751,EU28,2007-Q1,7.5
2752,EU28,2007-Q2,7.233333
2753,EU28,2007-Q3,7.133333
2754,EU28,2007-Q4,6.933333
2755,EU28,2008-Q1,6.8333330000000005
2756,EU28,2008-Q2,6.9
2757,EU28,2008-Q3,7.033333
2758,EU28,2008-Q4,7.433333
2759,EU28,2009-Q1,8.333333
2760,EU28,2009-Q2,8.9
2761,EU28,2009-Q3,9.2
2762,EU28,2009-Q4,9.433333
2763,EU28,2010-Q1,9.666667
2764,EU28,2010-Q2,9.666667
2765,EU28,2010-Q3,9.6
2766,EU28,2010-Q4,9.6
2767,EU28,2011-Q1,9.5
2768,EU28,2011-Q2,9.466666
2769,EU28,2011-Q3,9.7
2770,EU28,2011-Q4,10.0
2771,EU28,2012-Q1,10.2
2772,EU28,2012-Q2,10.43333
2773,EU28,2012-Q3,10.56667
2774,EU28,2012-Q4,10.76667
2775,EU28,2013-Q1,11.0
2776,EU28,2013-Q2,11.0
2777,EU28,2013-Q3,10.86667
2778,EU28,2013-Q4,10.7
2779,EU28,2014-Q1,10.56667
2780,EU28,2014-Q2,10.3
2781,EU28,2014-Q3,10.06667
2782,EU28,2014-Q4,9.966666
2783,EU28,2015-Q1,9.766666
2784,EU28,2015-Q2,9.6
2785,EU28,2015-Q3,9.233334
2786,EU28,2015-Q4,9.033334
2787,EU28,2016-Q1,8.866667
2788,EU28,2016-Q2,8.666667
2789,EU28,2016-Q3,8.433333
2790,EU28,2016-Q4,8.233334
2791,EU28,2017-Q1,8.0
2792,EU28,2017-Q2,7.733333
2793,EU28,2017-Q3,7.566667
2794,EU28,2017-Q4,7.3
2795,EU28,2018-Q1,7.1
2796,EU28,2018-Q2,6.933333
2797,EU28,2018-Q3,6.766667
2798,EU28,2018-Q4,6.633333
2799,EU28,2019-Q1,6.466667
2800,EU28,2019-Q2,6.3333330000000005
2801,EU28,2019-Q3,6.3
2802,EU28,2019-Q4,6.2
2803,OECD,2001-Q1,6.444331
2804,OECD,2001-Q2,6.5066239999999995
2805,OECD,2001-Q3,6.713864999999999
2806,OECD,2001-Q4,7.026619999999999
2807,OECD,2002-Q1,7.123446
2808,OECD,2002-Q2,7.1878660000000005
2809,OECD,2002-Q3,7.227975999999999
2810,OECD,2002-Q4,7.266942
2811,OECD,2003-Q1,7.264074000000001
2812,OECD,2003-Q2,7.3643160000000005
2813,OECD,2003-Q3,7.331219
2814,OECD,2003-Q4,7.226875
2815,OECD,2004-Q1,7.249936
2816,OECD,2004-Q2,7.168880000000001
2817,OECD,2004-Q3,7.114462
2818,OECD,2004-Q4,7.050171000000001
2819,OECD,2005-Q1,6.889583
2820,OECD,2005-Q2,6.8619639999999995
2821,OECD,2005-Q3,6.734149
2822,OECD,2005-Q4,6.68124
2823,OECD,2006-Q1,6.491958
2824,OECD,2006-Q2,6.324782
2825,OECD,2006-Q3,6.234494000000001
2826,OECD,2006-Q4,6.056975
2827,OECD,2007-Q1,5.941991000000001
2828,OECD,2007-Q2,5.761403
2829,OECD,2007-Q3,5.773218
2830,OECD,2007-Q4,5.7678449999999994
2831,OECD,2008-Q1,5.774883
2832,OECD,2008-Q2,5.891529
2833,OECD,2008-Q3,6.193663
2834,OECD,2008-Q4,6.726083
2835,OECD,2009-Q1,7.679150999999999
2836,OECD,2009-Q2,8.332216
2837,OECD,2009-Q3,8.569828999999999
2838,OECD,2009-Q4,8.629831
2839,OECD,2010-Q1,8.643837
2840,OECD,2010-Q2,8.541484
2841,OECD,2010-Q3,8.402166000000001
2842,OECD,2010-Q4,8.389822
2843,OECD,2011-Q1,8.124112
2844,OECD,2011-Q2,8.107197
2845,OECD,2011-Q3,8.087666
2846,OECD,2011-Q4,8.061492999999999
2847,OECD,2012-Q1,8.049006
2848,OECD,2012-Q2,8.078153
2849,OECD,2012-Q3,8.048430999999999
2850,OECD,2012-Q4,8.11224
2851,OECD,2013-Q1,8.168262
2852,OECD,2013-Q2,8.0727
2853,OECD,2013-Q3,7.937928
2854,OECD,2013-Q4,7.758678999999999
2855,OECD,2014-Q1,7.654507000000001
2856,OECD,2014-Q2,7.459857
2857,OECD,2014-Q3,7.381774000000001
2858,OECD,2014-Q4,7.210375
2859,OECD,2015-Q1,7.043976
2860,OECD,2015-Q2,6.973839999999999
2861,OECD,2015-Q3,6.773223
2862,OECD,2015-Q4,6.663017999999999
2863,OECD,2016-Q1,6.565475999999999
2864,OECD,2016-Q2,6.4789639999999995
2865,OECD,2016-Q3,6.419601999999999
2866,OECD,2016-Q4,6.319751999999999
2867,OECD,2017-Q1,6.161139
2868,OECD,2017-Q2,5.973658
2869,OECD,2017-Q3,5.846032
2870,OECD,2017-Q4,5.693547
2871,OECD,2018-Q1,5.550446
2872,OECD,2018-Q2,5.486169
2873,OECD,2018-Q3,5.428351
2874,OECD,2018-Q4,5.4549900000000004
2875,OECD,2019-Q1,5.506883
2876,OECD,2019-Q2,5.39245
2877,OECD,2019-Q3,5.366630000000001
2878,OECD,2019-Q4,5.262035
2879,OECD,2020-Q1,5.356942
2880,OECD,2020-Q2,8.350785
2881,G-7,2000-Q1,5.847516000000001
2882,G-7,2000-Q2,5.686044
2883,G-7,2000-Q3,5.642103
2884,G-7,2000-Q4,5.531621
2885,G-7,2001-Q1,5.609697
2886,G-7,2001-Q2,5.700730999999999
2887,G-7,2001-Q3,5.942747
2888,G-7,2001-Q4,6.321537
2889,G-7,2002-Q1,6.387373999999999
2890,G-7,2002-Q2,6.496111
2891,G-7,2002-Q3,6.473064
2892,G-7,2002-Q4,6.525923000000001
2893,G-7,2003-Q1,6.5801490000000005
2894,G-7,2003-Q2,6.7245490000000006
2895,G-7,2003-Q3,6.669169
2896,G-7,2003-Q4,6.512738
2897,G-7,2004-Q1,6.432447
2898,G-7,2004-Q2,6.372792
2899,G-7,2004-Q3,6.293878
2900,G-7,2004-Q4,6.289502
2901,G-7,2005-Q1,6.237977
2902,G-7,2005-Q2,6.189508
2903,G-7,2005-Q3,6.094697
2904,G-7,2005-Q4,6.113761
2905,G-7,2006-Q1,5.919741999999999
2906,G-7,2006-Q2,5.811709
2907,G-7,2006-Q3,5.747311
2908,G-7,2006-Q4,5.558701999999999
2909,G-7,2007-Q1,5.507407
2910,G-7,2007-Q2,5.347094
2911,G-7,2007-Q3,5.389942
2912,G-7,2007-Q4,5.393134
2913,G-7,2008-Q1,5.449461
2914,G-7,2008-Q2,5.5982080000000005
2915,G-7,2008-Q3,5.910715
2916,G-7,2008-Q4,6.390094
2917,G-7,2009-Q1,7.340014999999999
2918,G-7,2009-Q2,8.036325
2919,G-7,2009-Q3,8.282825
2920,G-7,2009-Q4,8.378683
2921,G-7,2010-Q1,8.294195
2922,G-7,2010-Q2,8.18455
2923,G-7,2010-Q3,8.032172000000001
2924,G-7,2010-Q4,8.015333
2925,G-7,2011-Q1,7.690927
2926,G-7,2011-Q2,7.678122999999999
2927,G-7,2011-Q3,7.64233
2928,G-7,2011-Q4,7.554677000000001
2929,G-7,2012-Q1,7.436186999999999
2930,G-7,2012-Q2,7.4069
2931,G-7,2012-Q3,7.310737
2932,G-7,2012-Q4,7.278964
2933,G-7,2013-Q1,7.308003
2934,G-7,2013-Q2,7.199099
2935,G-7,2013-Q3,7.032245
2936,G-7,2013-Q4,6.83512
2937,G-7,2014-Q1,6.648636
2938,G-7,2014-Q2,6.402945
2939,G-7,2014-Q3,6.323028
2940,G-7,2014-Q4,6.124793
2941,G-7,2015-Q1,5.986623000000001
2942,G-7,2015-Q2,5.926908999999999
2943,G-7,2015-Q3,5.704234
2944,G-7,2015-Q4,5.612931
2945,G-7,2016-Q1,5.551105000000001
2946,G-7,2016-Q2,5.496119
2947,G-7,2016-Q3,5.422333999999999
2948,G-7,2016-Q4,5.349385
2949,G-7,2017-Q1,5.181703
2950,G-7,2017-Q2,5.030191
2951,G-7,2017-Q3,4.947652
2952,G-7,2017-Q4,4.778728
2953,G-7,2018-Q1,4.691229
2954,G-7,2018-Q2,4.577715
2955,G-7,2018-Q3,4.476006
2956,G-7,2018-Q4,4.44196
2957,G-7,2019-Q1,4.438292
2958,G-7,2019-Q2,4.2650809999999995
2959,G-7,2019-Q3,4.210691000000001
2960,G-7,2019-Q4,4.153821
2961,G-7,2020-Q1,4.334352
2962,G-7,2020-Q2,8.554102
2963,EA19,2000-Q1,9.3
2964,EA19,2000-Q2,9.0
2965,EA19,2000-Q3,8.766666
2966,EA19,2000-Q4,8.5
2967,EA19,2001-Q1,8.3
2968,EA19,2001-Q2,8.3
2969,EA19,2001-Q3,8.3
2970,EA19,2001-Q4,8.366667
2971,EA19,2002-Q1,8.466666
2972,EA19,2002-Q2,8.6
2973,EA19,2002-Q3,8.666667
2974,EA19,2002-Q4,8.8
2975,EA19,2003-Q1,9.0
2976,EA19,2003-Q2,9.033334
2977,EA19,2003-Q3,9.1
2978,EA19,2003-Q4,9.1
2979,EA19,2004-Q1,9.233334
2980,EA19,2004-Q2,9.266666
2981,EA19,2004-Q3,9.233334
2982,EA19,2004-Q4,9.266666
2983,EA19,2005-Q1,9.166667
2984,EA19,2005-Q2,9.2
2985,EA19,2005-Q3,9.033334
2986,EA19,2005-Q4,8.933333
2987,EA19,2006-Q1,8.766666
2988,EA19,2006-Q2,8.5
2989,EA19,2006-Q3,8.233334
2990,EA19,2006-Q4,8.0
2991,EA19,2007-Q1,7.8
2992,EA19,2007-Q2,7.533333
2993,EA19,2007-Q3,7.466667
2994,EA19,2007-Q4,7.3
2995,EA19,2008-Q1,7.3
2996,EA19,2008-Q2,7.433333
2997,EA19,2008-Q3,7.6
2998,EA19,2008-Q4,8.033334
2999,EA19,2009-Q1,9.0
3000,EA19,2009-Q2,9.6
3001,EA19,2009-Q3,9.9
3002,EA19,2009-Q4,10.1
3003,EA19,2010-Q1,10.2
3004,EA19,2010-Q2,10.3
3005,EA19,2010-Q3,10.2
3006,EA19,2010-Q4,10.13333
3007,EA19,2011-Q1,10.03333
3008,EA19,2011-Q2,10.0
3009,EA19,2011-Q3,10.26667
3010,EA19,2011-Q4,10.6
3011,EA19,2012-Q1,10.93333
3012,EA19,2012-Q2,11.3
3013,EA19,2012-Q3,11.53333
3014,EA19,2012-Q4,11.8
3015,EA19,2013-Q1,12.0
3016,EA19,2013-Q2,12.1
3017,EA19,2013-Q3,12.03333
3018,EA19,2013-Q4,11.93333
3019,EA19,2014-Q1,11.86667
3020,EA19,2014-Q2,11.63333
3021,EA19,2014-Q3,11.53333
3022,EA19,2014-Q4,11.43333
3023,EA19,2015-Q1,11.23333
3024,EA19,2015-Q2,11.03333
3025,EA19,2015-Q3,10.7
3026,EA19,2015-Q4,10.53333
3027,EA19,2016-Q1,10.33333
3028,EA19,2016-Q2,10.16667
3029,EA19,2016-Q3,9.933333
3030,EA19,2016-Q4,9.733334
3031,EA19,2017-Q1,9.466666
3032,EA19,2017-Q2,9.166667
3033,EA19,2017-Q3,8.966666
3034,EA19,2017-Q4,8.733334
3035,EA19,2018-Q1,8.533334
3036,EA19,2018-Q2,8.266666
3037,EA19,2018-Q3,8.033334
3038,EA19,2018-Q4,7.9
3039,EA19,2019-Q1,7.766667
3040,EA19,2019-Q2,7.566667
3041,EA19,2019-Q3,7.5
3042,EA19,2019-Q4,7.4
3043,EA19,2020-Q1,7.3
3044,EA19,2020-Q2,7.533333
3045,LVA,2000-Q1,14.333329999999998
3046,LVA,2000-Q2,14.366670000000001
3047,LVA,2000-Q3,14.366670000000001
3048,LVA,2000-Q4,14.433329999999998
3049,LVA,2001-Q1,13.8
3050,LVA,2001-Q2,13.1
3051,LVA,2001-Q3,13.133329999999999
3052,LVA,2001-Q4,13.833329999999998
3053,LVA,2002-Q1,12.63333
3054,LVA,2002-Q2,13.53333
3055,LVA,2002-Q3,11.5
3056,LVA,2002-Q4,12.26667
3057,LVA,2003-Q1,11.3
3058,LVA,2003-Q2,11.8
3059,LVA,2003-Q3,12.36667
3060,LVA,2003-Q4,11.06667
3061,LVA,2004-Q1,11.76667
3062,LVA,2004-Q2,11.4
3063,LVA,2004-Q3,11.76667
3064,LVA,2004-Q4,12.03333
3065,LVA,2005-Q1,11.0
3066,LVA,2005-Q2,10.13333
3067,LVA,2005-Q3,10.0
3068,LVA,2005-Q4,8.866667
3069,LVA,2006-Q1,8.133333
3070,LVA,2006-Q2,6.933333
3071,LVA,2006-Q3,6.366667
3072,LVA,2006-Q4,6.533333
3073,LVA,2007-Q1,6.7
3074,LVA,2007-Q2,6.1
3075,LVA,2007-Q3,5.9
3076,LVA,2007-Q4,5.466667
3077,LVA,2008-Q1,6.366667
3078,LVA,2008-Q2,6.433333
3079,LVA,2008-Q3,7.733333
3080,LVA,2008-Q4,10.5
3081,LVA,2009-Q1,13.666670000000002
3082,LVA,2009-Q2,17.066670000000002
3083,LVA,2009-Q3,19.4
3084,LVA,2009-Q4,20.26667
3085,LVA,2010-Q1,20.46667
3086,LVA,2010-Q2,20.16667
3087,LVA,2010-Q3,19.066670000000002
3088,LVA,2010-Q4,18.066670000000002
3089,LVA,2011-Q1,16.96667
3090,LVA,2011-Q2,16.96667
3091,LVA,2011-Q3,15.5
3092,LVA,2011-Q4,15.366670000000001
3093,LVA,2012-Q1,15.733329999999999
3094,LVA,2012-Q2,16.16667
3095,LVA,2012-Q3,13.96667
3096,LVA,2012-Q4,14.2
3097,LVA,2013-Q1,12.56667
3098,LVA,2013-Q2,11.36667
3099,LVA,2013-Q3,11.96667
3100,LVA,2013-Q4,11.46667
3101,LVA,2014-Q1,11.4
3102,LVA,2014-Q2,10.7
3103,LVA,2014-Q3,10.76667
3104,LVA,2014-Q4,10.43333
3105,LVA,2015-Q1,9.833333
3106,LVA,2015-Q2,9.766666
3107,LVA,2015-Q3,9.933333
3108,LVA,2015-Q4,10.0
3109,LVA,2016-Q1,9.8
3110,LVA,2016-Q2,9.566667
3111,LVA,2016-Q3,9.766666
3112,LVA,2016-Q4,9.433333
3113,LVA,2017-Q1,8.933333
3114,LVA,2017-Q2,8.9
3115,LVA,2017-Q3,8.7
3116,LVA,2017-Q4,8.266666
3117,LVA,2018-Q1,7.8333330000000005
3118,LVA,2018-Q2,7.6666669999999995
3119,LVA,2018-Q3,7.133333
3120,LVA,2018-Q4,6.966667
3121,LVA,2019-Q1,6.566667
3122,LVA,2019-Q2,6.366667
3123,LVA,2019-Q3,6.2
3124,LVA,2019-Q4,6.066667
3125,LVA,2020-Q1,7.066667
3126,LVA,2020-Q2,8.6
3127,LTU,2000-Q1,15.633329999999999
3128,LTU,2000-Q2,16.5
3129,LTU,2000-Q3,16.96667
3130,LTU,2000-Q4,16.6
3131,LTU,2001-Q1,17.73333
3132,LTU,2001-Q2,17.53333
3133,LTU,2001-Q3,16.8
3134,LTU,2001-Q4,17.5
3135,LTU,2002-Q1,15.933329999999998
3136,LTU,2002-Q2,13.46667
3137,LTU,2002-Q3,12.9
3138,LTU,2002-Q4,12.8
3139,LTU,2003-Q1,12.46667
3140,LTU,2003-Q2,13.0
3141,LTU,2003-Q3,12.43333
3142,LTU,2003-Q4,11.86667
3143,LTU,2004-Q1,11.4
3144,LTU,2004-Q2,10.9
3145,LTU,2004-Q3,10.76667
3146,LTU,2004-Q4,10.5
3147,LTU,2005-Q1,9.533334
3148,LTU,2005-Q2,8.966666
3149,LTU,2005-Q3,7.733333
3150,LTU,2005-Q4,7.033333
3151,LTU,2006-Q1,6.433333
3152,LTU,2006-Q2,5.8333330000000005
3153,LTU,2006-Q3,5.766667
3154,LTU,2006-Q4,5.1
3155,LTU,2007-Q1,4.366667
3156,LTU,2007-Q2,4.3333330000000005
3157,LTU,2007-Q3,4.233333
3158,LTU,2007-Q4,4.066667
3159,LTU,2008-Q1,4.1666669999999995
3160,LTU,2008-Q2,4.4
3161,LTU,2008-Q3,6.366667
3162,LTU,2008-Q4,8.333333
3163,LTU,2009-Q1,10.7
3164,LTU,2009-Q2,13.333329999999998
3165,LTU,2009-Q3,14.9
3166,LTU,2009-Q4,16.26667
3167,LTU,2010-Q1,17.33333
3168,LTU,2010-Q2,18.2
3169,LTU,2010-Q3,18.16667
3170,LTU,2010-Q4,17.633329999999997
3171,LTU,2011-Q1,16.83333
3172,LTU,2011-Q2,15.8
3173,LTU,2011-Q3,15.3
3174,LTU,2011-Q4,13.666670000000002
3175,LTU,2012-Q1,14.0
3176,LTU,2012-Q2,13.5
3177,LTU,2012-Q3,13.1
3178,LTU,2012-Q4,13.0
3179,LTU,2013-Q1,12.06667
3180,LTU,2013-Q2,11.73333
3181,LTU,2013-Q3,11.73333
3182,LTU,2013-Q4,11.66667
3183,LTU,2014-Q1,11.3
3184,LTU,2014-Q2,11.06667
3185,LTU,2014-Q3,10.23333
3186,LTU,2014-Q4,10.33333
3187,LTU,2015-Q1,9.3
3188,LTU,2015-Q2,9.266666
3189,LTU,2015-Q3,9.166667
3190,LTU,2015-Q4,8.833333
3191,LTU,2016-Q1,8.066667
3192,LTU,2016-Q2,8.1
3193,LTU,2016-Q3,7.9
3194,LTU,2016-Q4,7.6
3195,LTU,2017-Q1,7.6666669999999995
3196,LTU,2017-Q2,7.3
3197,LTU,2017-Q3,6.766667
3198,LTU,2017-Q4,6.733333
3199,LTU,2018-Q1,6.6
3200,LTU,2018-Q2,6.033333
3201,LTU,2018-Q3,6.033333
3202,LTU,2018-Q4,6.033333
3203,LTU,2019-Q1,6.033333
3204,LTU,2019-Q2,6.1
3205,LTU,2019-Q3,6.566667
3206,LTU,2019-Q4,6.433333
3207,LTU,2020-Q1,6.3333330000000005
3208,LTU,2020-Q2,8.366667
3209,COL,2007-Q1,11.594430000000001
3210,COL,2007-Q2,11.31109
3211,COL,2007-Q3,11.03008
3212,COL,2007-Q4,10.88987
3213,COL,2008-Q1,10.89001
3214,COL,2008-Q2,11.1205
3215,COL,2008-Q3,11.50153
3216,COL,2008-Q4,11.5861
3217,COL,2009-Q1,11.60394
3218,COL,2009-Q2,11.80837
3219,COL,2009-Q3,12.299489999999999
3220,COL,2009-Q4,12.5283
3221,COL,2010-Q1,11.766169999999999
3222,COL,2010-Q2,12.108789999999999
3223,COL,2010-Q3,11.65057
3224,COL,2010-Q4,11.799610000000001
3225,COL,2011-Q1,11.18679
3226,COL,2011-Q2,11.2231
3227,COL,2011-Q3,10.62979
3228,COL,2011-Q4,10.47976
3229,COL,2012-Q1,10.39216
3230,COL,2012-Q2,10.6726
3231,COL,2012-Q3,10.348519999999999
3232,COL,2012-Q4,10.310030000000001
3233,COL,2013-Q1,10.20391
3234,COL,2013-Q2,9.780081
3235,COL,2013-Q3,9.572208999999999
3236,COL,2013-Q4,9.234714
3237,COL,2014-Q1,9.392961999999999
3238,COL,2014-Q2,9.129292
3239,COL,2014-Q3,9.028811
3240,COL,2014-Q4,9.062510000000001
3241,COL,2015-Q1,8.721821
3242,COL,2015-Q2,9.035108000000001
3243,COL,2015-Q3,9.104688000000001
3244,COL,2015-Q4,8.943721
3245,COL,2016-Q1,9.490482
3246,COL,2016-Q2,9.105077
3247,COL,2016-Q3,9.28543
3248,COL,2016-Q4,9.181952
3249,COL,2017-Q1,9.423328999999999
3250,COL,2017-Q2,9.242297
3251,COL,2017-Q3,9.491773
3252,COL,2017-Q4,9.517259
3253,COL,2018-Q1,9.428827
3254,COL,2018-Q2,9.623148
3255,COL,2018-Q3,9.592265
3256,COL,2018-Q4,10.21774
3257,COL,2019-Q1,10.44469
3258,COL,2019-Q2,10.32576
3259,COL,2019-Q3,10.75195
3260,COL,2019-Q4,10.644219999999999
3261,COL,2020-Q1,11.211160000000001
3262,COL,2020-Q2,20.736629999999998
3263,EU27_2020,2000-Q1,9.2
3264,EU27_2020,2000-Q2,9.066667
3265,EU27_2020,2000-Q3,8.933333
3266,EU27_2020,2000-Q4,8.766666
3267,EU27_2020,2001-Q1,8.7
3268,EU27_2020,2001-Q2,8.7
3269,EU27_2020,2001-Q3,8.733334
3270,EU27_2020,2001-Q4,8.866667
3271,EU27_2020,2002-Q1,8.966666
3272,EU27_2020,2002-Q2,9.033334
3273,EU27_2020,2002-Q3,9.1
3274,EU27_2020,2002-Q4,9.1
3275,EU27_2020,2003-Q1,9.766666
3276,EU27_2020,2003-Q2,9.8
3277,EU27_2020,2003-Q3,9.8
3278,EU27_2020,2003-Q4,9.866667
3279,EU27_2020,2004-Q1,10.0
3280,EU27_2020,2004-Q2,9.933333
3281,EU27_2020,2004-Q3,9.9
3282,EU27_2020,2004-Q4,9.866667
3283,EU27_2020,2005-Q1,9.766666
3284,EU27_2020,2005-Q2,9.733334
3285,EU27_2020,2005-Q3,9.533334
3286,EU27_2020,2005-Q4,9.4
3287,EU27_2020,2006-Q1,9.1
3288,EU27_2020,2006-Q2,8.8
3289,EU27_2020,2006-Q3,8.5
3290,EU27_2020,2006-Q4,8.2
3291,EU27_2020,2007-Q1,7.8333330000000005
3292,EU27_2020,2007-Q2,7.5
3293,EU27_2020,2007-Q3,7.4
3294,EU27_2020,2007-Q4,7.233333
3295,EU27_2020,2008-Q1,7.066667
3296,EU27_2020,2008-Q2,7.133333
3297,EU27_2020,2008-Q3,7.233333
3298,EU27_2020,2008-Q4,7.633333
3299,EU27_2020,2009-Q1,8.533334
3300,EU27_2020,2009-Q2,9.1
3301,EU27_2020,2009-Q3,9.433333
3302,EU27_2020,2009-Q4,9.666667
3303,EU27_2020,2010-Q1,9.933333
3304,EU27_2020,2010-Q2,9.966666
3305,EU27_2020,2010-Q3,9.9
3306,EU27_2020,2010-Q4,9.866667
3307,EU27_2020,2011-Q1,9.733334
3308,EU27_2020,2011-Q2,9.733334
3309,EU27_2020,2011-Q3,9.966666
3310,EU27_2020,2011-Q4,10.2
3311,EU27_2020,2012-Q1,10.5
3312,EU27_2020,2012-Q2,10.8
3313,EU27_2020,2012-Q3,11.03333
3314,EU27_2020,2012-Q4,11.23333
3315,EU27_2020,2013-Q1,11.46667
3316,EU27_2020,2013-Q2,11.5
3317,EU27_2020,2013-Q3,11.4
3318,EU27_2020,2013-Q4,11.26667
3319,EU27_2020,2014-Q1,11.16667
3320,EU27_2020,2014-Q2,10.9
3321,EU27_2020,2014-Q3,10.73333
3322,EU27_2020,2014-Q4,10.63333
3323,EU27_2020,2015-Q1,10.43333
3324,EU27_2020,2015-Q2,10.2
3325,EU27_2020,2015-Q3,9.9
3326,EU27_2020,2015-Q4,9.666667
3327,EU27_2020,2016-Q1,9.466666
3328,EU27_2020,2016-Q2,9.266666
3329,EU27_2020,2016-Q3,9.033334
3330,EU27_2020,2016-Q4,8.8
3331,EU27_2020,2017-Q1,8.5
3332,EU27_2020,2017-Q2,8.266666
3333,EU27_2020,2017-Q3,8.066667
3334,EU27_2020,2017-Q4,7.8
3335,EU27_2020,2018-Q1,7.6
3336,EU27_2020,2018-Q2,7.3333330000000005
3337,EU27_2020,2018-Q3,7.1666669999999995
3338,EU27_2020,2018-Q4,7.033333
3339,EU27_2020,2019-Q1,6.933333
3340,EU27_2020,2019-Q2,6.7
3341,EU27_2020,2019-Q3,6.633333
3342,EU27_2020,2019-Q4,6.566667
3343,EU27_2020,2020-Q1,6.533333
3344,EU27_2020,2020-Q2,6.9
